Year,Quarter_Label,PeriodEndDate,ReportType,Y_Cost_Per_Ton,Gross_Margin_Pct,Inventory_Turnover,Net_sales_millions,COGS_millions,Tons_Shipped_thousands,AccessionNumber,Cost_of_products_sold,Net_sales,Inventories_net,Tons_Shipped,Quarter,Inventories_Previous,Average_Inventory,Inventories_millions,QuarterEnd,X1_Scrap_Price,X2_Electricity_Price,X3_Natural_Gas_Price,X4_Diesel_Price,X5_Rail_Price,X7_Hourly_Wage,X10_Graphite_Price,X_PPI_All_Commodities,X9_US_Dollar_Index,X6_Disaster_Cost_Sum,X6_Disaster_Event_Count,X12_Economic_Policy_Uncertainty
2015,Q1,2015-04-04,10-Q,729.5755102040816,6.552697616060225,1.596272375492822,4399.44,4111.158,5635.0,0001193125-15-185690,4111158000.0,4399440000.0,2405916000.0,5635000.0,1,2745032000.0,2575474000.0,2405.916,2015-03-31,174.5,6.773333333333333,2.896666666666667,2.917333333333333,182.6,24.8,162.46666666666667,191.53333333333333,,9998.6,2.0,101.37755330403644
2015,Q2,2015-07-04,10-Q,655.8716763005781,8.865090924862693,1.699567544203145,4357.609,3971.303,6055.0,0001193125-15-287733,3971303000.0,4357609000.0,2267394000.0,6055000.0,2,2405916000.0,2336655000.0,2267.394,2015-06-30,165.1,7.1000000000000005,2.7466666666666666,2.8476666666666666,179.83333333333334,24.94333333333333,161.4,193.03333333333333,,15643.9,7.0,107.24798075358072
2015,Q3,2015-10-03,10-Q,629.2160462349142,12.396977030486706,1.599527273080816,4225.514,3701.678,5883.0,0001193125-15-374781,3701678000.0,4225514000.0,2361071000.0,5883000.0,3,2267394000.0,2314232500.0,2361.071,2015-09-30,161.4,7.146666666666666,2.7566666666666664,2.6293333333333333,178.79999999999998,25.070000000000004,161.0,191.63333333333333,,,,142.3903605143229
2015,Q4,2015-12-31,Calculated_Q4,656.9779710144927,1.6368300651798369,,3456.437,3399.861,5175.0,0001193125-16-481119,3399861000.0,3456437000.0,,5175000.0,4,2361071000.0,,,2015-12-31,155.70000000000002,6.5,2.12,2.432,176.66666666666666,25.23333333333333,160.20000000000002,185.5666666666667,112.49054722222223,5266.9,2.0,100.7496846516927
2016,Q1,2016-04-02,10-Q,557.6818477553676,7.722840281022377,1.707586961166485,3715.576,3428.628,6148.0,0001193125-16-586874,3428628000.0,3715576000.0,2007879000.0,6148000.0,1,2007879000.0,2007879000.0,2007.879,2016-03-31,154.16666666666666,6.44,2.0,2.077,174.0,25.4,159.4333333333333,182.0,113.60903220338984,13371.5,5.0,144.5564168294271
2016,Q2,2016-07-02,10-Q,569.8485364720458,13.337032699824672,1.7129892297811948,4245.772,3679.512,6457.0,0001193125-16-677912,3679512000.0,4245772000.0,2288134000.0,6457000.0,2,2007879000.0,2148006500.0,2288.134,2016-06-30,159.76666666666665,6.943333333333334,2.143333333333333,2.296666666666667,174.23333333333335,25.576666666666668,144.4,185.36666666666667,110.91595625,19518.4,7.0,142.1972885131836
2016,Q3,2016-10-01,10-Q,622.4995754797079,14.552486156938684,1.5847174772822867,4290.236,3665.9,5889.0,0001193125-16-764062,3665900000.0,4290236000.0,2338432000.0,5889000.0,3,2288134000.0,2313283000.0,2338.432,2016-09-30,164.36666666666667,7.033333333333334,2.8766666666666665,2.3833333333333333,176.26666666666665,25.723333333333333,144.4,187.0666666666667,112.0512875,15220.0,2.0,119.22918192545572
2016,Q4,2016-12-31,Calculated_Q4,708.0410958904109,-4.512771154499426,,3956.416,4134.96,5840.0,0001193125-17-062124,4134960000.0,3956416000.0,,5840000.0,4,2338432000.0,,,2016-12-31,161.76666666666668,6.640000000000001,3.04,2.4676666666666667,177.33333333333334,25.91,144.4,187.0666666666667,115.8630426229508,13100.0,1.0,174.5300725301107
2017,Q1,2017-04-01,10-Q,615.8762150668286,15.78861346587531,1.32333682530669,4815.179,4054.929,6584.0,0001193125-17-165702,4054929000.0,4815179000.0,3064170000.0,6584000.0,1,3064170000.0,3064170000.0,3064.17,2017-03-31,171.73333333333335,6.646666666666666,3.01,2.567333333333333,180.0,26.06,144.43333333333334,191.26666666666665,116.46396229508196,16589.7,7.0,175.80934143066406
2017,Q2,2017-07-01,10-Q,661.6988737403675,13.713172510695646,1.3973808638226632,5174.769,4465.144,6748.0,0001193125-17-252608,4465144000.0,5174769000.0,3326563000.0,6748000.0,2,3064170000.0,3195366500.0,3326.563,2017-06-30,176.9,7.093333333333334,3.0766666666666667,2.551333333333333,181.16666666666663,26.21333333333333,157.66666666666666,193.13333333333333,113.90348125,40146.5,9.0,136.06769053141275
2017,Q3,2017-09-30,10-Q,693.7372317920822,11.198276557377715,1.3407249368572014,5170.117,4591.153,6618.0,0001193125-17-337077,4591153000.0,5170117000.0,3522199000.0,6618000.0,3,3326563000.0,3424381000.0,3522.199,2017-09-30,176.0,7.1000000000000005,2.953333333333333,2.6253333333333333,181.4666666666667,26.403333333333336,179.16666666666666,194.03333333333333,109.93858412698413,339200.0,3.0,131.872683207194
2017,Q4,2017-12-31,Calculated_Q4,1236.6997017664603,-5.868869103788638,,5091.935,5390.774,4359.0,0001193125-18-064018,5390774000.0,5091935000.0,,4359000.0,4,3522199000.0,,,2017-12-31,174.80000000000004,6.736666666666667,2.903333333333333,2.8706666666666667,184.76666666666665,26.55666666666667,186.86666666666667,195.7,110.97474426229508,,,125.83290354410808
2018,Q1,2018-03-31,10-Q,694.992536242285,13.045103107363149,1.3056516335567208,5568.419,4842.013,6967.0,0001193125-18-157220,4842013000.0,5568419000.0,3708503000.0,6967000.0,1,3708503000.0,3708503000.0,3708.503,2018-03-31,180.5,6.66,3.0766666666666667,3.017333333333333,187.7,26.77,205.73333333333332,198.83333333333331,107.99647,5955.1,3.0,154.27288055419922
2018,Q2,2018-06-30,10-Q,735.6098374322635,18.05650530416325,1.3502170052824702,6460.774,5294.184,7197.0,0001193125-18-242368,5294184000.0,6460774000.0,4133472000.0,7197000.0,2,3708503000.0,3920987500.0,4133.472,2018-06-30,200.33333333333331,7.093333333333334,2.856666666666667,3.1976666666666667,191.13333333333333,26.973333333333333,242.7,202.5666666666667,110.617584375,44533.2,8.0,145.23827616373697
2018,Q3,2018-09-29,10-Q,773.5601589103292,19.135439727258248,1.3234443305443038,6742.202,5452.052,7048.0,0001193125-18-320749,5452052000.0,6742202000.0,4105714000.0,7048000.0,3,4133472000.0,4119593000.0,4105.714,2018-09-30,214.2,7.056666666666668,2.93,3.237666666666667,193.5666666666667,27.21,315.4,203.76666666666665,113.64831587301587,34326.8,4.0,137.3838882446289
2018,Q4,2018-12-31,Calculated_Q4,1183.664962121212,0.7283493802422484,,6295.605,6249.751,5280.0,0001193125-19-057744,6249751000.0,6295605000.0,,5280000.0,4,4105714000.0,,,2018-12-31,214.46666666666667,6.7,3.803333333333333,3.2626666666666666,195.9,27.456666666666667,315.4,202.63333333333333,115.69885409836066,31218.8,1.0,175.87791442871094
2019,Q1,2019-03-30,10-Q,768.5432244717009,14.694886875096774,1.1699584363276754,6096.624,5200.732,6767.0,0001193125-19-141391,5200732000.0,6096624000.0,4445228000.0,6767000.0,1,4445228000.0,4445228000.0,4445.228,2019-03-31,210.73333333333332,6.6433333333333335,2.9166666666666665,3.017666666666667,196.0,27.683333333333334,315.76666666666665,199.7,114.5529559322034,24509.1,4.0,196.13563028971356
2019,Q2,2019-06-29,10-Q,761.5246876859012,13.15291454219871,1.175229776084008,5895.986,5120.492,6724.0,0001564590-19-029949,5120492000.0,5895986000.0,4268799000.0,6724000.0,2,4445228000.0,4357013500.0,4268.799,2019-06-30,205.16666666666663,6.9,2.563333333333333,3.123666666666667,198.26666666666665,27.876666666666665,289.9,201.36666666666667,115.4291453125,19523.2,6.0,159.5119654337565
2019,Q3,2019-09-28,10-Q,746.2991609458429,10.476910796262862,1.1729616965680136,5464.502,4891.991,6555.0,0001564590-19-040956,4891991000.0,5464502000.0,4072464000.0,6555000.0,3,4268799000.0,4170631500.0,4072.464,2019-09-30,201.4333333333333,7.1000000000000005,2.3833333333333333,3.022,198.4333333333333,28.11,249.7,199.4333333333333,116.4763265625,9370.1,3.0,225.6363728841146
2019,Q4,2019-12-31,Calculated_Q4,598.0590856997326,8.48031059994006,,5131.746,4696.558,7853.0,0001564590-20-007794,4696558000.0,5131746000.0,,7853000.0,4,4072464000.0,,,2019-12-31,197.6,6.489999999999999,2.4,3.059,198.7,28.316666666666663,229.5333333333333,198.86666666666667,116.41506229508197,2113.1,1.0,173.49888610839844
2020,Q1,2020-04-04,10-Q,695.0144705718659,11.188305394929216,1.2888538261271187,5624.337,4995.069,7187.0,0001564590-20-025117,4995069000.0,5624337000.0,3875590000.0,7187000.0,1,3875590000.0,3875590000.0,3875.59,2020-03-31,197.46666666666667,6.406666666666666,1.9066666666666665,2.895666666666667,199.9,28.57,230.73333333333332,196.36666666666667,117.75739516129032,8904.9,4.0,268.9085795084636
2020,Q2,2020-07-04,10-Q,720.8152947618179,8.734279480119964,1.089648175820489,4327.306,3949.347,5479.0,0001564590-20-039639,3949347000.0,4327306000.0,3373258000.0,5479000.0,2,3875590000.0,3624424000.0,3373.258,2020-06-30,193.36666666666667,6.88,1.7066666666666668,2.431,197.3,29.71333333333333,230.73333333333332,188.4333333333333,121.84220625,22412.6,8.0,401.7160746256511
2020,Q3,2020-10-03,10-Q,695.1099418878592,10.19072800915592,1.3342788745697691,4927.96,4425.765,6367.0,0001564590-20-053596,4425765000.0,4927960000.0,3260685000.0,6367000.0,3,3373258000.0,3316971500.0,3260.685,2020-09-30,189.66666666666663,6.93,1.9933333333333327,2.425666666666667,196.53333333333333,29.46666666666667,230.8,194.26666666666665,117.358425,78765.2,7.0,314.658203125
2020,Q4,2020-12-31,Calculated_Q4,791.2813708494466,-12.801733405292415,,5260.397,5933.819,7499.0,0001564590-21-009503,5933819000.0,5260397000.0,,7499000.0,4,3260685000.0,,,2020-12-31,198.26666666666665,6.406666666666666,2.526666666666667,2.4686666666666666,197.8,29.7,230.96666666666667,198.4333333333333,113.92367,10502.0,3.0,319.9976298014323
2021,Q1,2021-04-03,10-Q,751.7702062430324,23.12105786688024,1.2372825806250376,7017.14,5394.703,7176.0,0001564590-21-026758,5394703000.0,7017140000.0,4360122000.0,7176000.0,1,4360122000.0,4360122000.0,4360.122,2021-03-31,223.73333333333332,7.1433333333333335,3.56,2.893333333333333,201.53333333333333,30.01,188.76666666666665,210.13333333333333,112.37469166666666,42347.8,5.0,205.20377095540368
2021,Q2,2021-07-03,10-Q,844.1140069500134,28.14264246292366,1.3156432040756298,8789.164,6315.661,7482.0,0001564590-21-043479,6315661000.0,8789164000.0,5240750000.0,7482000.0,2,4360122000.0,4800436000.0,5240.75,2021-06-30,264.26666666666665,7.096666666666667,2.9433333333333334,3.2113333333333336,206.0666666666667,30.396666666666665,206.30000000000004,223.9,111.8373984375,24049.1,7.0,154.17587280273438
2021,Q3,2021-10-02,10-Q,963.0437813720024,33.028210482794755,1.2650711367269367,10313.223,6906.95,7172.0,0001564590-21-056213,6906950000.0,10313223000.0,5678715000.0,7172000.0,3,5240750000.0,5459732500.0,5678.715,2021-09-30,317.324,7.53,4.3566666666666665,3.357666666666667,209.33033333333333,30.80333333333333,190.49366666666663,233.64766666666665,113.3141390625,91407.3,6.0,170.22235616048175
2021,Q4,2021-12-31,Calculated_Q4,2349.060992138791,16.390481214047256,,10364.473,8665.686,3689.0,0001564590-22-007679,8665686000.0,10364473000.0,,3689000.0,4,5678715000.0,,,2021-12-31,351.6556666666667,7.206666666666667,4.773333333333333,3.66,213.08933333333331,31.27,191.295,241.6966666666667,114.9794786885246,6494.6,2.0,171.40892537434897
2022,Q1,2022-04-02,10-Q,1100.272599311855,32.95574254079896,1.1264016290302463,10493.282,7035.143,6394.0,0001564590-22-019391,7035143000.0,10493282000.0,6245679000.0,6394000.0,1,6245679000.0,6245679000.0,6245.679,2022-03-31,355.434,7.45,4.656666666666667,4.287,217.03266666666664,31.7,195.723,253.0423333333333,115.49977258064516,25981.1,3.0,174.9889678955078
2022,Q2,2022-07-02,10-Q,1102.2231618174,34.798185997951244,1.1992699157360558,11794.474,7690.211,6977.0,0001564590-22-028899,7690211000.0,11794474000.0,6579142000.0,6977000.0,2,6245679000.0,6412410500.0,6579.142,2022-06-30,364.3996666666667,8.803333333333333,7.48,5.4816666666666665,227.246,32.086666666666666,197.965,272.9373333333333,118.96322063492065,22411.3,9.0,170.69710795084634
2022,Q3,2022-10-01,10-Q,1193.6654715510522,27.077967250926243,1.213011540170246,10500.755,7657.364,6415.0,0001564590-22-037206,7657364000.0,10500755000.0,6046235000.0,6415000.0,3,6579142000.0,6312688500.0,6046.235,2022-09-30,348.70533333333333,8.963333333333333,7.990000000000001,5.164000000000001,231.7213333333333,32.446666666666665,222.1323333333333,269.906,123.53624375,125313.1,4.0,202.5210723876953
2022,Q4,2022-12-31,Calculated_Q4,1050.0274199267226,-1.8432189230708036,,8723.489,8884.282,8461.0,0001564590-23-002793,8884282000.0,8723489000.0,,8461000.0,4,6046235000.0,,,2022-12-31,321.8996666666667,8.273333333333333,5.546666666666667,5.06,231.52033333333333,32.833333333333336,237.81066666666663,262.03833333333336,124.82148032786884,14757.9,3.0,189.2291259765625
2023,Q1,2023-04-01,10-Q,1041.7162812354493,22.94152225378244,1.2004928765776666,8709.98,6711.778,6443.0,0000950170-23-020173,6711778000.0,8709980000.0,5590852000.0,6443000.0,1,5590852000.0,5590852000.0,5590.852,2023-03-31,305.63166666666666,7.773333333333333,2.6533333333333333,4.4,232.92466666666667,33.163333333333334,239.364,258.6526666666667,120.34234354838708,16874.6,4.0,171.62811279296875
2023,Q2,2023-07-01,10-Q,1065.8139040680023,26.269103760310543,1.2512647043938363,9523.256,7021.582,6588.0,0000950170-23-040234,7021582000.0,9523256000.0,5632324000.0,6588000.0,2,5590852000.0,5611588000.0,5632.324,2023-06-30,311.56600000000003,8.036666666666667,2.1633333333333336,3.9386666666666663,229.821,33.54333333333333,239.69066666666663,254.81266666666667,119.58965873015872,52207.9,14.0,183.3006846110026
2023,Q3,2023-09-30,10-Q,1098.5471153846154,21.88762786109971,1.2602500172585134,8775.734,6854.934,6240.0,0000950170-23-060729,6854934000.0,8775734000.0,5246365000.0,6240000.0,3,5632324000.0,5439344500.0,5246.365,2023-09-30,289.89366666666666,8.446666666666667,2.59,4.2716666666666665,229.611,33.906666666666666,240.164,256.8163333333334,120.20475555555556,20071.7,8.0,109.08454132080078
2023,Q4,2023-12-31,Calculated_Q4,1255.830161522469,-1.9166181053156184,1.45096392566862,7705.03,7852.706,6253.0,0000950170-24-021195,7852706000.0,7705030000.0,5577758000.0,6253000.0,4,5246365000.0,5412061500.0,5577.758,2023-12-31,282.6266666666666,7.823333333333333,2.736666666666667,4.244333333333333,234.2503333333333,34.19,239.7733333333333,252.638,121.86107540983606,1314.4,1.0,127.09095001220705
2024,Q1,2024-03-30,10-Q,1062.6450835475578,18.718993034727557,1.1844983533816589,8137.083,6613.903,6224.0,0000950170-24-055144,6613903000.0,8137083000.0,5589675000.0,6224000.0,1,5577758000.0,5583716500.0,5589.675,2024-03-31,291.51166666666666,7.743333333333333,2.1300000000000003,3.973333333333333,234.709,34.56,249.94766666666663,253.77566666666667,121.00471612903226,20626.9,7.0,118.16600799560548
2024,Q2,2024-06-29,10-Q,1094.4692319923677,14.783082494714732,1.2693016599114952,8077.172,6883.117,6289.0,0000950170-24-092479,6883117000.0,8077172000.0,5255843000.0,6289000.0,2,5589675000.0,5422759000.0,5255.843,2024-06-30,277.33933333333334,8.336666666666668,2.0866666666666664,3.8486666666666665,235.76233333333332,34.88,252.73033333333333,256.0683333333333,122.87737936507936,35694.7,14.0,135.73266092936197
2024,Q3,2024-09-28,10-Q,1079.119754680439,10.181592013067965,1.2880003112979583,7444.16,6686.226,6196.0,0000950170-24-121863,6686226000.0,7444160000.0,5126493000.0,6196000.0,3,5255843000.0,5191168000.0,5126.493,2024-09-30,265.914,8.409999999999998,2.1133333333333333,3.689333333333333,237.27633333333333,35.21,253.6383333333333,255.15533333333332,122.934590625,92142.0,5.0,136.90077463785806
2024,Q4,2024-12-31,Calculated_Q4,867.8808497536946,20.32101939274279,1.101931660251319,7075.585,5637.754,6496.0,0000950170-25-028427,5637754000.0,7075585000.0,5106000000.0,6496000.0,4,5126493000.0,5116246500.0,5106.0,2024-12-31,262.96566666666666,8.043333333333333,2.4433333333333334,3.5336666666666665,237.231,35.59,254.788,253.23833333333332,126.0080564516129,34250.0,1.0,184.395144144694
2025,Q1,2025-04-05,10-Q,1057.833089311859,7.726692209450831,1.394518432734993,7830.0,7225.0,6830.0,0000950170-25-071567,7225000000.0,7830000000.0,5256000000.0,6830000.0,1,5106000000.0,5181000000.0,5256.0,2025-03-31,263.685,8.200000000000001,4.146666666666667,3.6313333333333335,240.426,35.916666666666664,256.941,258.461,127.85811639344264,,,337.4603322347005
2025,Q2,2025-07-05,10-Q,1060.557184750733,14.46310312204352,1.3496921067363314,8456.0,7233.0,6820.0,0000950170-25-107646,7233000000.0,8456000000.0,5462000000.0,6820000.0,2,5256000000.0,5359000000.0,5462.0,2025-06-30,282.10133333333334,8.813333333333333,3.186666666666667,3.555,240.37466666666668,36.20666666666667,252.3603333333333,259.24133333333333,122.76102063492064,,,554.8351745605469
2025,Q3,2025-10-04,10-Q,1082.521405373487,13.94202558385166,1.351082450483648,8521.0,7333.0,6774.0,0001193125-25-276207,7333000000.0,8521000000.0,5393000000.0,6774000.0,3,5462000000.0,5427500000.0,5393.0,2025-09-30,280.035,9.06,3.026666666666667,3.757,240.63350000000003,36.48,240.8855,262.5025,120.6528,,,354.73972574869794
