QuarterEnd,X1_Scrap_Price,X2_Electricity_Price,X3_Natural_Gas_Price,X4_Diesel_Price,X5_Rail_Price,X7_Hourly_Wage,X10_Graphite_Price,X13_PPI_All_Commodities,X8_US_Scrap_Exports,X9_US_Dollar_Index,X6_Disaster_Cost_Sum,X6_Disaster_Event_Count,X11_Economic_Policy_Uncertainty
1900-03-31,,,,,,,,,,,0.0,0.0,142.5154571533203
1900-06-30,,,,,,,,,,,0.0,0.0,93.28679911295573
1900-09-30,,,,,,,,,,,0.0,0.0,98.09842173258464
1900-12-31,,,,,,,,,,,0.0,0.0,87.59547170003255
1901-03-31,,,,,,,,,,,0.0,0.0,103.71760813395183
1901-06-30,,,,,,,,,,,0.0,0.0,81.2587381998698
1901-09-30,,,,,,,,,,,0.0,0.0,78.77469889322917
1901-12-31,,,,,,,,,,,0.0,0.0,107.38672383626302
1902-03-31,,,,,,,,,,,0.0,0.0,71.3087043762207
1902-06-30,,,,,,,,,,,0.0,0.0,68.18900680541992
1902-09-30,,,,,,,,,,,0.0,0.0,46.75418217976888
1902-12-31,,,,,,,,,,,0.0,0.0,87.62041727701823
1903-03-31,,,,,,,,,,,0.0,0.0,66.63262557983398
1903-06-30,,,,,,,,,,,0.0,0.0,56.532788594563804
1903-09-30,,,,,,,,,,,0.0,0.0,57.9051259358724
1903-12-31,,,,,,,,,,,0.0,0.0,61.058712005615234
1904-03-31,,,,,,,,,,,0.0,0.0,77.65980529785156
1904-06-30,,,,,,,,,,,0.0,0.0,69.01271184285481
1904-09-30,,,,,,,,,,,0.0,0.0,79.31158065795898
1904-12-31,,,,,,,,,,,0.0,0.0,63.189910888671875
1905-03-31,,,,,,,,,,,0.0,0.0,70.65521494547527
1905-06-30,,,,,,,,,,,0.0,0.0,58.29093805948893
1905-09-30,,,,,,,,,,,0.0,0.0,60.69347254435221
1905-12-31,,,,,,,,,,,0.0,0.0,72.96249008178711
1906-03-31,,,,,,,,,,,0.0,0.0,61.11754480997721
1906-06-30,,,,,,,,,,,0.0,0.0,61.2509765625
1906-09-30,,,,,,,,,,,0.0,0.0,51.13618723551432
1906-12-31,,,,,,,,,,,0.0,0.0,55.95623906453451
1907-03-31,,,,,,,,,,,0.0,0.0,39.89495722452799
1907-06-30,,,,,,,,,,,0.0,0.0,47.40167999267578
1907-09-30,,,,,,,,,,,0.0,0.0,55.49776840209961
1907-12-31,,,,,,,,,,,0.0,0.0,50.96627426147461
1908-03-31,,,,,,,,,,,0.0,0.0,68.87001037597656
1908-06-30,,,,,,,,,,,0.0,0.0,64.6914431254069
1908-09-30,,,,,,,,,,,0.0,0.0,40.96770350138346
1908-12-31,,,,,,,,,,,0.0,0.0,67.87795511881511
1909-03-31,,,,,,,,,,,0.0,0.0,105.14428456624348
1909-06-30,,,,,,,,,,,0.0,0.0,73.69187672932942
1909-09-30,,,,,,,,,,,0.0,0.0,68.36590830485027
1909-12-31,,,,,,,,,,,0.0,0.0,60.53041076660156
1910-03-31,,,,,,,,,,,0.0,0.0,73.87930043538411
1910-06-30,,,,,,,,,,,0.0,0.0,69.78796768188477
1910-09-30,,,,,,,,,,,0.0,0.0,59.326394399007164
1910-12-31,,,,,,,,,,,0.0,0.0,66.89439392089844
1911-03-31,,,,,,,,,,,0.0,0.0,63.515448252360024
1911-06-30,,,,,,,,,,,0.0,0.0,75.69033813476562
1911-09-30,,,,,,,,,,,0.0,0.0,63.18773523966471
1911-12-31,,,,,,,,,,,0.0,0.0,72.58547719319661
1912-03-31,,,,,,,,,,,0.0,0.0,63.03588994344076
1912-06-30,,,,,,,,,,,0.0,0.0,45.916238149007164
1912-09-30,,,,,,,,,,,0.0,0.0,52.20287958780924
1912-12-31,,,,,,,,,,,0.0,0.0,70.70267105102539
1913-03-31,,,,,,,,12.033333333333333,,,0.0,0.0,76.04061381022136
1913-06-30,,,,,,,,11.933333333333332,,,0.0,0.0,89.21991475423177
1913-09-30,,,,,,,,12.066666666666668,,,0.0,0.0,80.80086263020833
1913-12-31,,,,,,,,12.066666666666668,,,0.0,0.0,102.65321095784505
1914-03-31,,,,,,,,11.766666666666666,,,0.0,0.0,78.80914942423503
1914-06-30,,,,,,,,11.633333333333333,,,0.0,0.0,86.58887481689453
1914-09-30,,,,,,,,11.9,,,0.0,0.0,138.8823216756185
1914-12-31,,,,,,,,11.666666666666666,,,0.0,0.0,88.80661010742188
1915-03-31,,,,,,,,11.800000000000002,,,0.0,0.0,109.43811798095703
1915-06-30,,,,,,,,11.833333333333334,,,0.0,0.0,88.68565368652344
1915-09-30,,,,,,,,11.833333333333334,,,0.0,0.0,104.90619659423828
1915-12-31,,,,,,,,12.4,,,0.0,0.0,84.5015869140625
1916-03-31,,,,,,,,13.566666666666668,,,0.0,0.0,88.08429718017578
1916-06-30,,,,,,,,14.200000000000001,,,0.0,0.0,85.85437520345052
1916-09-30,,,,,,,,14.700000000000001,,,0.0,0.0,73.50835037231445
1916-12-31,,,,,,,,16.533333333333335,,,0.0,0.0,71.66227213541667
1917-03-31,,,,,,,,18.033333333333335,,,0.0,0.0,64.95881525675456
1917-06-30,,,,,,,,20.5,,,0.0,0.0,75.53506596883138
1917-09-30,,,,,,,,21.333333333333332,,,0.0,0.0,108.79248555501302
1917-12-31,,,,,,,,21.166666666666668,,,0.0,0.0,92.54751841227214
1918-03-31,,,,,,,,21.5,,,0.0,0.0,108.75820668538411
1918-06-30,,,,,,,,22.133333333333336,,,0.0,0.0,101.6917953491211
1918-09-30,,,,,,,,23.2,,,0.0,0.0,98.18663024902344
1918-12-31,,,,,,,,23.5,,,0.0,0.0,146.60179901123047
1919-03-31,,,,,,,,22.733333333333334,,,0.0,0.0,129.85482788085938
1919-06-30,,,,,,,,23.2,,,0.0,0.0,92.81936136881511
1919-09-30,,,,,,,,24.5,,,0.0,0.0,99.13397471110027
1919-12-31,,,,,,,,25.099999999999998,,,0.0,0.0,97.48795064290364
1920-03-31,,,,,,,,27.2,,,0.0,0.0,61.96190643310547
1920-06-30,,,,,,,,28.666666666666668,,,0.0,0.0,64.93308893839519
1920-09-30,,,,,,,,27.733333333333334,,,0.0,0.0,66.0772705078125
1920-12-31,,,,,,,,22.900000000000002,,,0.0,0.0,60.9888801574707
1921-03-31,,,,,,,,18.46666666666667,,,0.0,0.0,56.627620697021484
1921-06-30,,,,,,,,16.566666666666666,,,0.0,0.0,72.49840799967448
1921-09-30,,,,,,,,16.1,,,0.0,0.0,93.08722686767578
1921-12-31,,,,,,,,16.133333333333333,,,0.0,0.0,64.62947082519531
1922-03-31,,,,,,,,15.9,,,0.0,0.0,69.00141906738281
1922-06-30,,,,,,,,16.433333333333334,,,0.0,0.0,61.603284200032554
1922-09-30,,,,,,,,17.066666666666666,,,0.0,0.0,66.67247263590495
1922-12-31,,,,,,,,17.266666666666666,,,0.0,0.0,52.13759231567383
1923-03-31,,,,,,,,17.8,,,0.0,0.0,61.69841639200846
1923-06-30,,,,,,,,17.566666666666666,,,0.0,0.0,62.81447982788086
1923-09-30,,,,,,,,17.03333333333333,,,0.0,0.0,71.8718032836914
1923-12-31,,,,,,,,17.0,,,0.0,0.0,65.21352259318034
1924-03-31,,,,,,,,17.133333333333333,,,0.0,0.0,72.64825057983398
1924-06-30,,,,,,,,16.53333333333333,,,0.0,0.0,99.02620188395183
1924-09-30,,,,,,,,16.633333333333333,,,0.0,0.0,72.6975835164388
1924-12-31,,,,,,,,17.166666666666668,,,0.0,0.0,94.32723999023438
1925-03-31,,,,,,,,17.833333333333332,,,0.0,0.0,63.754225413004555
1925-06-30,,,,,,,,17.566666666666666,,,0.0,0.0,60.890734354654946
1925-09-30,,,,,,,,17.900000000000002,,,0.0,0.0,48.26722971598307
1925-12-31,,,,,,,,17.866666666666667,,,0.0,0.0,63.25652949015299
1926-03-31,,,,,,,,17.566666666666666,,,0.0,0.0,50.0850461324056
1926-06-30,,,,,,,,17.3,,,0.0,0.0,49.47813415527344
1926-09-30,,,,,,,,17.133333333333336,,,0.0,0.0,64.67404301961263
1926-12-31,,,,,,,,17.0,,,0.0,0.0,68.44921366373698
1927-03-31,,,,,,,,16.5,,,0.0,0.0,50.74602381388346
1927-06-30,,,,,,,,16.233333333333334,,,0.0,0.0,54.05058034261068
1927-09-30,,,,,,,,16.400000000000002,,,0.0,0.0,57.834546407063804
1927-12-31,,,,,,,,16.633333333333336,,,0.0,0.0,54.82858530680338
1928-03-31,,,,,,,,16.533333333333335,,,0.0,0.0,52.005026499430336
1928-06-30,,,,,,,,16.733333333333334,,,0.0,0.0,47.15349197387695
1928-09-30,,,,,,,,16.866666666666667,,,0.0,0.0,64.17891947428386
1928-12-31,,,,,,,,16.566666666666666,,,0.0,0.0,53.371716817220054
1929-03-31,,,,,,,,16.5,,,0.0,0.0,77.08507792154948
1929-06-30,,,,,,,,16.400000000000002,,,0.0,0.0,76.44092305501302
1929-09-30,,,,,,,,16.6,,,0.0,0.0,67.50188700358073
1929-12-31,,,,,,,,16.2,,,0.0,0.0,63.630523681640625
1930-03-31,,,,,,,,15.700000000000001,,,0.0,0.0,69.10654703776042
1930-06-30,,,,,,,,15.266666666666666,,,0.0,0.0,65.62305196126302
1930-09-30,,,,,,,,14.5,,,0.0,0.0,57.67147318522135
1930-12-31,,,,,,,,14.0,,,0.0,0.0,66.30551528930664
1931-03-31,,,,,,,,13.266666666666666,,,0.0,0.0,73.23730977376302
1931-06-30,,,,,,,,12.633333333333333,,,0.0,0.0,67.13602701822917
1931-09-30,,,,,,,,12.366666666666667,,,0.0,0.0,63.351783752441406
1931-12-31,,,,,,,,12.0,,,0.0,0.0,79.04409662882487
1932-03-31,,,,,,,,11.466666666666667,,,0.0,0.0,108.77223205566406
1932-06-30,,,,,,,,11.133333333333333,,,0.0,0.0,156.88026428222656
1932-09-30,,,,,,,,11.200000000000001,,,0.0,0.0,84.35269673665364
1932-12-31,,,,,,,,10.966666666666667,,,0.0,0.0,143.88375854492188
1933-03-31,,,,,,,,10.4,,,0.0,0.0,116.9020767211914
1933-06-30,,,,,,,,10.799999999999999,,,0.0,0.0,122.18733215332031
1933-09-30,,,,,,,,12.033333333333333,,,0.0,0.0,80.54390207926433
1933-12-31,,,,,,,,12.266666666666666,,,0.0,0.0,124.02951049804688
1934-03-31,,,,,,,,12.6,,,0.0,0.0,126.78676859537761
1934-06-30,,,,,,,,12.766666666666666,,,0.0,0.0,148.35689798990884
1934-09-30,,,,,,,,13.166666666666666,,,0.0,0.0,142.16781870524088
1934-12-31,,,,,,,,13.233333333333334,,,0.0,0.0,141.7153778076172
1935-03-31,,,,,,,,13.666666666666666,,,0.0,0.0,199.27250162760416
1935-06-30,,,,,,,,13.800000000000002,,,0.0,0.0,178.47839864095053
1935-09-30,,,,,,,,13.833333333333334,,,0.0,0.0,140.88573455810547
1935-12-31,,,,,,,,13.933333333333332,,,0.0,0.0,129.20321400960287
1936-03-31,,,,,,,,13.833333333333334,,,0.0,0.0,147.7876993815104
1936-06-30,,,,,,,,13.633333333333333,,,0.0,0.0,141.86080932617188
1936-09-30,,,,,,,,13.966666666666667,,,0.0,0.0,96.06440734863281
1936-12-31,,,,,,,,14.233333333333334,,,0.0,0.0,86.81223042805989
1937-03-31,,,,,,,,14.933333333333332,,,0.0,0.0,104.43856302897136
1937-06-30,,,,,,,,15.1,,,0.0,0.0,115.57047526041667
1937-09-30,,,,,,,,15.133333333333333,,,0.0,0.0,121.63850148518883
1937-12-31,,,,,,,,14.4,,,0.0,0.0,145.36325327555338
1938-03-31,,,,,,,,13.833333333333334,,,0.0,0.0,155.81732686360678
1938-06-30,,,,,,,,13.5,,,0.0,0.0,136.49284871419272
1938-09-30,,,,,,,,13.5,,,0.0,0.0,125.40471903483073
1938-12-31,,,,,,,,13.366666666666667,,,0.0,0.0,112.49634552001953
1939-03-31,,,,,,,,13.266666666666666,,,0.0,0.0,109.39556884765625
1939-06-30,,,,,,,,13.066666666666668,,,0.0,0.0,119.73845926920573
1939-09-30,,,,,,,,13.166666666666666,,,0.0,0.0,134.21793619791666
1939-12-31,,,,,,,,13.666666666666666,,,0.0,0.0,135.72417704264322
1940-03-31,,,,,,,,13.6,,,0.0,0.0,133.18756357828775
1940-06-30,,,,,,,,13.466666666666667,,,0.0,0.0,150.59440104166666
1940-09-30,,,,,,,,13.4,,,0.0,0.0,145.96505482991537
1940-12-31,,,,,,,,13.700000000000001,,,0.0,0.0,125.31317138671875
1941-03-31,,,,,,,,13.933333333333332,,,0.0,0.0,128.41279093424478
1941-06-30,,,,,,,,14.666666666666666,,,0.0,0.0,103.8096211751302
1941-09-30,,,,,,,,15.566666666666668,,,0.0,0.0,99.05020395914714
1941-12-31,,,,,,,,16.0,,,0.0,0.0,113.95204162597656
1942-03-31,,,,,,,,16.666666666666668,,,0.0,0.0,131.83519744873047
1942-06-30,,,,,,,,17.0,,,0.0,0.0,147.2340520222982
1942-09-30,,,,,,,,17.099999999999998,,,0.0,0.0,143.49655151367188
1942-12-31,,,,,,,,17.3,,,0.0,0.0,124.66897328694661
1943-03-31,,,,,,,,17.666666666666668,,,0.0,0.0,115.9978764851888
1943-06-30,,,,,,,,17.9,,,0.0,0.0,116.81447855631511
1943-09-30,,,,,,,,17.8,,,0.0,0.0,108.74178314208984
1943-12-31,,,,,,,,17.766666666666666,,,0.0,0.0,93.2692133585612
1944-03-31,,,,,,,,17.833333333333332,,,0.0,0.0,85.42460378011067
1944-06-30,,,,,,,,17.933333333333334,,,0.0,0.0,102.01487731933594
1944-09-30,,,,,,,,17.9,,,0.0,0.0,91.57876586914062
1944-12-31,,,,,,,,17.966666666666665,,,0.0,0.0,103.17122395833333
1945-03-31,,,,,,,,18.1,,,0.0,0.0,81.9963887532552
1945-06-30,,,,,,,,18.266666666666666,,,0.0,0.0,91.48583730061848
1945-09-30,,,,,,,,18.2,,,0.0,0.0,131.50040181477866
1945-12-31,,,,,,,,18.333333333333332,,,0.0,0.0,111.52954355875652
1946-03-31,,,,,,,,18.566666666666666,,,0.0,0.0,96.38461049397786
1946-06-30,,,,,,,,19.166666666666668,,,0.0,0.0,89.06773885091145
1946-09-30,,,,,,,,21.7,,,0.0,0.0,100.34905751546223
1946-12-31,,,,,,,,23.833333333333332,,,0.0,0.0,86.42854309082031
1947-03-31,,,,,,,,24.833333333333332,,,0.0,0.0,98.04322560628255
1947-06-30,,,,,,,,25.03333333333333,,,0.0,0.0,113.07957712809245
1947-09-30,,,,,,,,25.666666666666668,,,0.0,0.0,83.50204467773438
1947-12-31,,,,,,,,26.766666666666666,,,0.0,0.0,84.33782450358073
1948-03-31,,,,,,,,27.366666666666664,,,0.0,0.0,68.16867319742839
1948-06-30,,,,,,,,27.53333333333333,,,0.0,0.0,56.76443354288737
1948-09-30,,,,,,,,28.099999999999998,,,0.0,0.0,64.28397750854492
1948-12-31,,,,,,,,27.733333333333334,,,0.0,0.0,65.20819473266602
1949-03-31,,,,,,,,26.96666666666667,,,0.0,0.0,77.84469604492188
1949-06-30,,,,,,,,26.266666666666666,,,0.0,0.0,51.54987589518229
1949-09-30,,,,,,,,26.03333333333333,,,0.0,0.0,57.640506744384766
1949-12-31,,,,,,,,25.96666666666667,,,0.0,0.0,44.9904899597168
1950-03-31,,,,,,,,26.03333333333333,,,0.0,0.0,54.53643798828125
1950-06-30,,,,,,,,26.366666666666664,,,0.0,0.0,48.243979136149086
1950-09-30,,,,,,,,27.866666666666664,,,0.0,0.0,67.3244120279948
1950-12-31,,,,,,,,29.099999999999998,,,0.0,0.0,65.09700266520183
1951-03-31,,,,,,,,30.766666666666666,,,0.0,0.0,67.95828247070312
1951-06-30,,,,,,,,30.666666666666668,,,0.0,0.0,62.28490193684896
1951-09-30,,,,,,,,30.166666666666668,,,0.0,0.0,65.18998463948567
1951-12-31,,,,,,,,30.100000000000005,,,0.0,0.0,40.866798400878906
1952-03-31,,,,,,,,29.866666666666664,,,0.0,0.0,52.05964660644531
1952-06-30,,,,,,,,29.566666666666666,,,0.0,0.0,56.74761962890625
1952-09-30,,,,,,,,29.666666666666668,,,0.0,0.0,46.851027170817055
1952-12-31,,,,,,,,29.3,,,0.0,0.0,54.10662714640299
1953-03-31,,,,,,,,29.133333333333336,,,0.0,0.0,52.62646611531576
1953-06-30,,,,,,,,29.03333333333333,,,0.0,0.0,58.992296854654946
1953-09-30,,,,,,,,29.366666666666664,,,0.0,0.0,44.13378651936849
1953-12-31,,,,,,,,29.166666666666668,,,0.0,0.0,52.382928212483726
1954-03-31,,,,,,,,29.333333333333332,,,0.0,0.0,63.67703501383463
1954-06-30,,,,,,,,29.333333333333332,,,0.0,0.0,42.61587397257487
1954-09-30,,,,,,,,29.266666666666666,,,0.0,0.0,38.745835622151695
1954-12-31,,,,,,,,29.099999999999998,,,0.0,0.0,39.72108586629232
1955-03-31,,,,,,,,29.233333333333334,,,0.0,0.0,50.60126241048177
1955-06-30,,,,,,,,29.233333333333334,,,0.0,0.0,33.12815475463867
1955-09-30,,,,,,,,29.433333333333334,,,0.0,0.0,29.934872309366863
1955-12-31,,,,,,,,29.53333333333333,,,0.0,0.0,31.91166623433431
1956-03-31,,,,,,,,29.8,,,0.0,0.0,49.55983098347982
1956-06-30,,,,,,,,30.233333333333334,,,0.0,0.0,32.73601786295573
1956-09-30,,,,,,,,30.400000000000002,,,0.0,0.0,30.55262056986491
1956-12-31,,,,,,,,30.7,,,0.0,0.0,40.932043711344406
1957-03-31,,,,,,,,31.0,,,0.0,0.0,43.336825688680015
1957-06-30,,,,,,,,31.066666666666666,,,0.0,0.0,34.543408711751304
1957-09-30,,,,,,,,31.333333333333332,,,0.0,0.0,34.82943471272787
1957-12-31,,,,,,,,31.3,,,0.0,0.0,35.56415812174479
1958-03-31,,,,,,,,31.566666666666666,,,0.0,0.0,43.676005045572914
1958-06-30,,,,,,,,31.633333333333336,,,0.0,0.0,45.1383908589681
1958-09-30,,,,,,,,31.600000000000005,,,0.0,0.0,32.86650085449219
1958-12-31,,,,,,,,31.566666666666666,,,0.0,0.0,33.74753506978353
1959-03-31,,,,,,,,31.7,,,0.0,0.0,33.475632985432945
1959-06-30,,,,,,,,31.766666666666666,,,0.0,0.0,27.97744305928548
1959-09-30,,,,,,,,31.666666666666668,,,0.0,0.0,31.885525385538738
1959-12-31,,,,,,,,31.53333333333333,,,0.0,0.0,29.117334365844727
1960-03-31,,,,,,,,31.666666666666668,,,0.0,0.0,38.438511530558266
1960-06-30,,,,,,,,31.733333333333334,,,0.0,0.0,34.110764821370445
1960-09-30,,,,,,,,31.633333333333336,,,0.0,0.0,36.2944590250651
1960-12-31,,,,,,,25.6,31.7,,,0.0,0.0,38.428323109944664
1961-03-31,,,,,,,25.600000000000005,31.8,,,0.0,0.0,35.40117581685384
1961-06-30,,,,,,,25.600000000000005,31.46666666666667,,,0.0,0.0,33.1566359202067
1961-09-30,,,,,,,25.600000000000005,31.5,,,0.0,0.0,35.923561096191406
1961-12-31,,,,,,,25.600000000000005,31.53333333333333,,,0.0,0.0,33.949934005737305
1962-03-31,,,,,,,25.600000000000005,31.7,,,0.0,0.0,34.60253461201986
1962-06-30,,,,,,,25.600000000000005,31.53333333333333,,,0.0,0.0,39.564797719319664
1962-09-30,,,,,,,25.600000000000005,31.7,,,0.0,0.0,52.243544260660805
1962-12-31,,,,,,,25.600000000000005,31.666666666666668,,,0.0,0.0,41.19047546386719
1963-03-31,,,,,,,25.600000000000005,31.53333333333333,,,0.0,0.0,50.99905904134115
1963-06-30,,,,,,,25.600000000000005,31.5,,,0.0,0.0,40.297271728515625
1963-09-30,,,,,,,25.600000000000005,31.633333333333336,,,0.0,0.0,46.07049051920573
1963-12-31,,,,,,,25.633333333333336,31.633333333333336,,,0.0,0.0,41.140820821126304
1964-03-31,,,,,,,25.733333333333334,31.666666666666668,,,0.0,0.0,43.225110371907554
1964-06-30,,,,,,,25.866666666666664,31.53333333333333,,,0.0,0.0,34.510410944620766
1964-09-30,,,,,,,26.0,31.633333333333336,,,0.0,0.0,43.933417002360024
1964-12-31,,,,,,,26.0,31.7,,,0.0,0.0,43.50696563720703
1965-03-31,,,,,,,26.0,31.866666666666664,,,0.0,0.0,33.43717384338379
1965-06-30,,,,,,,26.0,32.166666666666664,,,0.0,0.0,43.200880686442055
1965-09-30,,,,,,,26.0,32.4,,,0.0,0.0,41.25574493408203
1965-12-31,,,,,,,26.0,32.63333333333333,,,0.0,0.0,42.5465342203776
1966-03-31,,,,,,,26.0,33.1,,,0.0,0.0,50.95769373575846
1966-06-30,,,,,,,26.266666666666666,33.233333333333334,,,0.0,0.0,38.33307393391927
1966-09-30,,,,,,,26.399999999999995,33.56666666666667,,,0.0,0.0,47.38571294148763
1966-12-31,,,,,,,27.399999999999995,33.333333333333336,,,0.0,0.0,55.650872548421226
1967-03-31,,,,,,,27.399999999999995,33.36666666666667,,,0.0,0.0,55.27580134073893
1967-06-30,,,,,,,27.399999999999995,33.300000000000004,,,0.0,0.0,56.72290293375651
1967-09-30,,,,,,,27.399999999999995,33.43333333333333,,,0.0,0.0,42.80307133992513
1967-12-31,,,,,,,27.399999999999995,33.5,,,0.0,0.0,64.98959477742513
1968-03-31,,,,,,,27.5,33.96666666666667,,,0.0,0.0,86.04197184244792
1968-06-30,,,,,,,27.600000000000005,34.166666666666664,,,0.0,0.0,63.646645863850914
1968-09-30,,,,,,,27.600000000000005,34.300000000000004,,,0.0,0.0,50.41441090901693
1968-12-31,,,,,,,27.600000000000005,34.5,,,0.0,0.0,58.950459798177086
1969-03-31,,,,,,,27.600000000000005,35.0,,,0.0,0.0,60.853258768717446
1969-06-30,,,,,,,27.8,35.5,,,0.0,0.0,51.75552495320638
1969-09-30,,,,,,,28.5,35.766666666666666,,,0.0,0.0,53.966322580973305
1969-12-31,,,,,,,28.53333333333333,36.1,,,0.0,0.0,61.55209477742513
1970-03-31,,,,,,,28.766666666666666,36.63333333333333,,,0.0,0.0,46.41607157389323
1970-06-30,,,,,,,28.766666666666666,36.833333333333336,,,0.0,0.0,62.48381805419922
1970-09-30,,,,,,,29.46666666666667,37.03333333333333,,,0.0,0.0,50.63697306315104
1970-12-31,,,,,,,30.7,37.1,,,0.0,0.0,58.73579406738281
1971-03-31,,,,,,,30.833333333333332,37.6,,,0.0,0.0,61.42205683390299
1971-06-30,,,,,,,31.0,38.06666666666667,,,0.0,0.0,60.93212000528971
1971-09-30,,,,,,,31.0,38.36666666666667,,,0.0,0.0,81.94384256998698
1971-12-31,,,,,,,31.0,38.4,,,0.0,0.0,89.01699829101562
1972-03-31,,,,,,,31.0,39.06666666666667,,,0.0,0.0,66.39518610636394
1972-06-30,,,,,,,31.066666666666666,39.5,,,0.0,0.0,62.78052647908529
1972-09-30,,,,,,,31.100000000000005,40.1,,,0.0,0.0,63.006890614827476
1972-12-31,,,,,,,31.100000000000005,40.5,,,0.0,0.0,65.90679423014323
1973-03-31,,,,,,,32.199999999999996,42.46666666666667,,,0.0,0.0,85.85620371500652
1973-06-30,,,,,,,32.8,44.53333333333333,,,0.0,0.0,84.21382904052734
1973-09-30,,,,,,,32.8,46.36666666666667,,,0.0,0.0,80.91493860880533
1973-12-31,,,,,,,32.8,46.73333333333333,,,0.0,0.0,105.81950378417969
1974-03-31,,,,,,,33.23333333333333,49.86666666666667,,,0.0,0.0,109.47708892822266
1974-06-30,,,,,,,36.06666666666667,51.6,,,0.0,0.0,91.38011678059895
1974-09-30,,,,,,,41.300000000000004,55.26666666666667,,,0.0,0.0,94.0083236694336
1974-12-31,,,,,,,47.13333333333333,57.199999999999996,,,0.0,0.0,101.83142344156902
1975-03-31,,,,,,,51.36666666666667,57.166666666666664,,,0.0,0.0,87.1716537475586
1975-06-30,,,,,,,51.5,57.800000000000004,,,0.0,0.0,80.4616216023763
1975-09-30,,,,,,,51.5,59.03333333333333,,,0.0,0.0,82.99344126383464
1975-12-31,,,,,,,54.699999999999996,59.666666666666664,,,0.0,0.0,100.80101013183594
1976-03-31,,,,,,,55.70000000000001,59.93333333333334,,,0.0,0.0,75.63450368245442
1976-06-30,,,,,,,55.76666666666667,60.86666666666667,,,0.0,0.0,69.00747299194336
1976-09-30,,,,,,,56.06666666666666,61.6,,,0.0,0.0,69.55173873901367
1976-12-31,,,,,,,57.199999999999996,62.13333333333333,,,0.0,0.0,83.28090413411458
1977-03-31,,,,,,,59.4,63.46666666666666,,,0.0,0.0,71.58147557576497
1977-06-30,,,,,,,59.5,65.03333333333335,,,0.0,0.0,84.17226918538411
1977-09-30,,,,,,,59.9,65.13333333333333,,,0.0,0.0,75.28674570719402
1977-12-31,,,,,,,59.9,65.86666666666666,,,0.0,0.0,104.28036499023438
1978-03-31,,,,,,,64.43333333333334,67.46666666666665,,,0.0,0.0,102.75960032145183
1978-06-30,,,,,,,64.9,69.5,,,0.0,0.0,82.41749572753906
1978-09-30,,,,,,,66.56666666666668,70.60000000000001,,,0.0,0.0,87.76409403483073
1978-12-31,,,,,,,67.9,72.2,,,0.0,0.0,87.71687571207683
1979-03-31,,,,,,,69.06666666666666,74.83333333333333,,,0.0,0.0,94.95385996500652
1979-06-30,,,,,,,70.96666666666667,77.46666666666667,,,0.0,0.0,94.37359110514323
1979-09-30,,,,,,,73.0,79.89999999999999,,,0.0,0.0,96.51238505045573
1979-12-31,,,,,,,75.03333333333335,82.7,,,0.0,0.0,113.89553578694661
1980-03-31,,,,,,,80.2,86.53333333333335,,,0.0,0.0,88.16813659667969
1980-06-30,,,,,,,86.0,88.26666666666667,,,0.0,0.0,84.75935872395833
1980-09-30,,,,,,,87.33333333333333,91.16666666666667,,,0.0,0.0,92.50284322102864
1980-12-31,,,,,,,90.86666666666667,93.26666666666667,,,0.0,0.0,89.7541987101237
1981-03-31,,,,,,,93.66666666666667,96.10000000000001,,,0.0,0.0,90.10408020019531
1981-06-30,,,,,,,101.10000000000001,98.26666666666667,,,0.0,0.0,92.43068186442058
1981-09-30,,,,,,,101.76666666666667,98.93333333333334,,,0.0,0.0,97.06318918863933
1981-12-31,,,,,,,104.0,98.83333333333333,,,0.0,0.0,89.0319341023763
1982-03-31,,,,,,,109.66666666666667,99.7,,,0.0,0.0,114.7031021118164
1982-06-30,,,,,,,109.8,99.8,,,0.0,0.0,118.6019058227539
1982-09-30,,,,,,,104.63333333333333,100.23333333333333,,,0.0,0.0,113.52560170491536
1982-12-31,,,,,,,102.0,100.33333333333333,,,0.0,0.0,107.75001525878906
1983-03-31,,,,,,,102.10000000000001,100.36666666666667,,,0.0,0.0,113.26884206136067
1983-06-30,,,,,,,102.40000000000002,100.73333333333333,,,0.0,0.0,102.19148254394531
1983-09-30,,,,,,,102.53333333333335,101.7,,,0.0,0.0,94.31889088948567
1983-12-31,,,,,,,102.59999999999998,102.2,,,0.0,0.0,92.7075907389323
1984-03-31,,,,,,,102.59999999999998,103.33333333333333,,,0.0,0.0,114.30703481038411
1984-06-30,,,,,,,102.59999999999998,104.03333333333335,,,0.0,0.0,93.93660990397136
1984-09-30,,,,,,,102.59999999999998,103.8,,,0.0,0.0,96.7689946492513
1984-12-31,,,,,,,102.7,103.53333333333335,,,0.0,0.0,109.2932840983073
1985-03-31,,,,,,,99.8,103.26666666666667,,,0.0,0.0,94.27449544270833
1985-06-30,,,,,,,100.0,103.36666666666667,,,0.0,0.0,100.80989074707031
1985-09-30,,,,,,,101.66666666666667,102.66666666666667,,,0.0,0.0,111.28219350179036
1985-12-31,,,,,,,105.09999999999998,103.3,,,0.0,0.0,94.12515004475911
1986-03-31,,,,,,,104.23333333333333,101.73333333333333,,,0.0,0.0,127.8066889444987
1986-06-30,,,,,,,101.53333333333335,99.83333333333333,,,0.0,0.0,116.63860575358073
1986-09-30,,,,,,,101.60000000000001,99.36666666666667,,,0.0,0.0,125.0059585571289
1986-12-31,,,,,,,99.66666666666667,99.73333333333333,,,0.0,0.0,92.70969645182292
1987-03-31,,,,,,,97.73333333333333,100.89999999999999,,,0.0,0.0,95.48632558186848
1987-06-30,,,,,,,97.06666666666666,102.5,,,0.0,0.0,91.23008728027344
1987-09-30,,,,,,,97.26666666666667,103.66666666666667,,,0.0,0.0,64.68305333455403
1987-12-31,,,,,,,96.39999999999999,104.16666666666667,,,0.0,0.0,167.47857666015625
1988-03-31,,,,,,,95.46666666666665,104.76666666666667,,,0.0,0.0,109.08645629882812
1988-06-30,,,,,,,95.39999999999999,106.5,,,0.0,0.0,95.09007008870442
1988-09-30,,,,,,,96.39999999999999,108.0,,,0.0,0.0,87.02746327718098
1988-12-31,,,,,,,96.76666666666667,108.5,,,0.0,0.0,92.77196756998698
1989-03-31,,,,,,,96.56666666666666,110.93333333333334,,,0.0,0.0,70.4334348042806
1989-06-30,,,,,,,98.66666666666667,112.8,,,0.0,0.0,90.63966878255208
1989-09-30,,,,,,,99.56666666666666,112.39999999999999,,,0.0,0.0,78.68712615966797
1989-12-31,,,,,,,99.93333333333334,112.83333333333333,,,0.0,0.0,95.09790802001953
1990-03-31,,,,,,,101.5,114.5,,,0.0,0.0,102.40972646077473
1990-06-30,,,,,,,102.43333333333334,114.33333333333333,,,0.0,0.0,95.56681569417317
1990-09-30,,,,,,,101.86666666666667,116.46666666666665,,,0.0,0.0,130.5137710571289
1990-12-31,,,,,,,102.46666666666665,119.86666666666667,,,0.0,0.0,141.3947957356771
1991-03-31,,,,,,,103.0,117.46666666666665,,,0.0,0.0,139.4886957804362
1991-06-30,,,,,,,103.83333333333333,116.3,,,0.0,0.0,87.02716827392578
1991-09-30,,,,,,,103.56666666666666,116.13333333333333,,,0.0,0.0,102.3551737467448
1991-12-31,,,,,,,101.93333333333334,116.23333333333335,,,0.0,0.0,139.91476694742838
1992-03-31,,,,,,,102.33333333333333,115.89999999999999,,,0.0,0.0,122.59673309326172
1992-06-30,,,,,,,103.86666666666667,117.16666666666667,,,0.0,0.0,96.94273630777995
1992-09-30,,,,,,,105.96666666666665,117.86666666666667,,,0.0,0.0,127.82117970784505
1992-12-31,,,,,,,106.3,117.83333333333333,,,0.0,0.0,119.09213002522786
1993-03-31,,,,,,,108.96666666666665,118.36666666666667,,,0.0,0.0,100.07930501302083
1993-06-30,,,,,,,109.09999999999998,119.5,,,0.0,0.0,114.61231231689453
1993-09-30,,,,,,,111.66666666666667,118.86666666666667,,,0.0,0.0,112.70215352376302
1993-12-31,,,,,,,112.0,118.89999999999999,,,0.0,0.0,81.78401184082031
1994-03-31,,,,,,,115.86666666666667,119.36666666666667,,,0.0,0.0,87.2217788696289
1994-06-30,,,,,,,115.86666666666667,120.03333333333335,,,0.0,0.0,96.10907491048177
1994-09-30,,,,,,,117.7,120.96666666666665,,,0.0,0.0,83.24095153808594
1994-12-31,,,,,,,118.03333333333335,121.43333333333334,,,0.0,0.0,83.7122294108073
1995-03-31,,,,,,,118.53333333333335,123.43333333333334,,,0.0,0.0,103.13603210449219
1995-06-30,,,,,,,121.8,124.93333333333334,,,0.0,0.0,69.70686848958333
1995-09-30,,,,,,,122.73333333333333,125.2,,,0.0,0.0,69.3072878519694
1995-12-31,,,,,,,122.43333333333334,125.46666666666665,,,0.0,0.0,90.59207916259766
1996-03-31,,,,,,,125.39999999999999,126.3,,,0.0,0.0,86.7433598836263
1996-06-30,,,,,,,128.5,127.83333333333333,,,0.0,0.0,71.74453481038411
1996-09-30,,,,,,,129.46666666666667,128.16666666666666,,,0.0,0.0,79.10728708902995
1996-12-31,,,,,100.0,,129.9333333333333,128.4333333333333,,,0.0,0.0,65.73826217651367
1997-03-31,,,2.4966666666666666,,100.0,,134.63333333333333,128.5,,,0.0,0.0,79.32811228434245
1997-06-30,,,2.16,,100.3,,137.70000000000002,127.2,,,0.0,0.0,77.15065511067708
1997-09-30,,,2.52,,100.73333333333333,,138.06666666666666,127.2,,,0.0,0.0,63.345174153645836
1997-12-31,,,2.81,,100.93333333333334,,138.6,127.5,,,0.0,0.0,94.20396169026692
1998-03-31,,,2.186666666666667,,101.73333333333333,,138.93333333333334,125.03333333333335,,,0.0,0.0,97.48361460367839
1998-06-30,,,2.2466666666666666,,101.7,,139.23333333333335,124.93333333333334,,,0.0,0.0,78.49072265625
1998-09-30,,,2.013333333333333,,101.73333333333333,,138.33333333333334,124.3,,,0.0,0.0,133.6409454345703
1998-12-31,,,1.9166666666666667,,101.56666666666666,,132.4,123.46666666666665,,,0.0,0.0,123.14098866780598
1999-03-31,,,1.8033333333333335,,100.96666666666665,,131.9,122.60000000000001,,,0.0,0.0,95.11556752522786
1999-06-30,,,2.2366666666666664,,101.3,,129.96666666666667,124.5,,,0.0,0.0,69.82999420166016
1999-09-30,,,2.5533333333333332,,101.46666666666665,,129.7,126.86666666666667,,,0.0,0.0,80.35120391845703
1999-12-31,,,2.486666666666667,,101.59999999999998,,129.43333333333334,127.93333333333334,,,0.0,0.0,73.65889739990234
2000-03-31,,,2.6233333333333335,,102.13333333333333,,127.2,129.63333333333335,,,0.0,0.0,78.55083719889323
2000-06-30,,,3.64,,102.33333333333333,,124.89999999999999,132.03333333333333,,,0.0,0.0,99.44239552815755
2000-09-30,,,4.493333333333333,,102.73333333333333,,124.2,133.76666666666665,,,0.0,0.0,73.03860346476237
2000-12-31,,4.73,6.4799999999999995,,103.36666666666667,,124.5,135.53333333333333,,,0.0,0.0,135.1820068359375
2001-03-31,,4.843333333333334,6.336666666666667,,103.89999999999999,,122.39999999999999,137.76666666666668,,,0.0,0.0,136.20464579264322
2001-06-30,,5.266666666666667,4.366666666666667,,103.83333333333333,,121.3,136.23333333333335,,,0.0,0.0,119.88516743977864
2001-09-30,,5.293333333333333,2.7566666666666664,,104.63333333333333,,120.5,133.36666666666667,,,0.0,0.0,162.81968688964844
2001-12-31,,4.763333333333334,2.3666666666666667,,105.76666666666667,,118.60000000000001,129.4,,,0.0,0.0,189.83068339029947
2002-03-31,,4.74,2.5566666666666666,,106.26666666666667,,113.23333333333333,128.9,,,0.0,0.0,116.85738881429036
2002-06-30,,5.026666666666666,3.3966666666666665,,106.46666666666665,,111.3,130.83333333333334,,,0.0,0.0,105.31820933024089
2002-09-30,,5.013333333333334,3.2099999999999995,,106.7,,111.33333333333333,131.66666666666666,,,0.0,0.0,141.87612915039062
2002-12-31,,4.783333333333333,4.303333333333334,,107.0,,111.10000000000001,133.06666666666666,,,0.0,0.0,150.53545125325522
2003-03-31,,5.0,6.3566666666666665,,107.7,,110.83333333333333,138.03333333333333,,,0.0,0.0,190.66619364420572
2003-06-30,,5.293333333333333,5.63,,109.0,,109.8,137.16666666666666,,,0.0,0.0,136.52840677897134
2003-09-30,,5.246666666666667,4.88,,109.2,,111.7,138.06666666666666,,,0.0,0.0,101.67212422688802
2003-12-31,100.0,4.913333333333333,5.076666666666667,,109.46666666666665,,112.16666666666667,139.23333333333335,,,0.0,0.0,82.54189046223958
2004-03-31,108.7,5.056666666666667,5.633333333333333,,110.89999999999999,,115.06666666666666,142.20000000000002,,,0.0,0.0,87.16999053955078
2004-06-30,131.33333333333334,5.423333333333333,6.103333333333333,,112.23333333333333,,117.53333333333335,146.26666666666668,,,0.0,0.0,87.40314229329427
2004-09-30,144.36666666666667,5.436666666666667,5.496666666666667,,113.83333333333333,,118.86666666666667,147.70000000000002,,,0.0,0.0,93.97198232014973
2004-12-31,148.13333333333333,5.153333333333333,6.366666666666667,,116.53333333333335,,118.8,150.53333333333333,,,0.0,0.0,93.85669708251953
2005-03-31,151.0666666666667,5.29,6.416666666666667,,118.86666666666667,,127.53333333333335,152.06666666666666,,,0.0,0.0,55.91288630167643
2005-06-30,148.0666666666667,5.8066666666666675,6.9366666666666665,,123.39999999999999,,132.06666666666666,154.53333333333333,,,0.0,0.0,78.49740854899089
2005-09-30,141.9,6.133333333333333,9.636666666666665,,126.3,,131.66666666666666,158.70000000000002,,,0.0,0.0,79.10887908935547
2005-12-31,143.70000000000002,5.8500000000000005,12.256666666666668,,132.23333333333332,,132.9333333333333,164.29999999999998,,,0.0,0.0,69.97486750284831
2006-03-31,144.4,5.93,7.706666666666666,,132.03333333333333,20.05,137.26666666666668,162.76666666666668,,100.21645384615384,0.0,0.0,66.52635320027669
2006-06-30,146.93333333333334,6.34,6.54,,135.16666666666666,20.169999999999998,142.5,165.4,,98.59815846153846,0.0,0.0,77.34926350911458
2006-09-30,150.13333333333333,6.3933333333333335,6.07,,139.16666666666666,20.336666666666666,143.03333333333333,166.70000000000002,,98.03443384615385,0.0,0.0,72.58030064900716
2006-12-31,151.16666666666666,6.0566666666666675,6.663333333333334,,137.23333333333335,20.496666666666666,145.96666666666667,164.13333333333333,,97.55281692307693,0.0,0.0,52.08922576904297
2007-03-31,150.23333333333332,6.19,7.22,2.5965,136.13333333333333,20.666666666666668,142.0666666666667,166.70000000000002,,97.439534375,0.0,0.0,65.9666353861491
2007-06-30,152.1,6.523333333333333,7.53,2.8303333333333334,138.6,20.853333333333335,139.26666666666668,172.83333333333334,,94.92673692307693,0.0,0.0,66.57931645711263
2007-09-30,151.5,6.6066666666666665,6.173333333333333,2.907666666666666,142.53333333333333,20.993333333333336,140.73333333333335,173.66666666666666,,93.16536615384616,0.0,0.0,81.56090037027995
2007-12-31,150.4,6.29,6.983333333333333,3.2840000000000003,146.4,21.116666666666667,141.5666666666667,177.4333333333333,,89.82536515151516,0.0,0.0,104.73237609863281
2008-03-31,159.9333333333333,6.4799999999999995,8.646666666666667,3.5323333333333333,151.9,21.27,152.23333333333335,183.86666666666667,,88.3274323076923,0.0,0.0,133.27717081705728
2008-06-30,189.73333333333335,7.273333333333333,11.38,4.405,156.29999999999998,21.456666666666667,155.63333333333333,196.0,,86.81096769230768,0.0,0.0,92.00267283121745
2008-09-30,211.66666666666666,7.3500000000000005,9.006666666666666,4.354333333333333,163.5,21.679999999999996,156.06666666666666,200.46666666666667,,88.85020757575758,0.0,0.0,144.81256103515625
2008-12-31,197.79999999999998,6.88,6.413333333333334,2.978333333333333,157.4,21.853333333333335,159.20000000000002,178.03333333333333,,99.4315893939394,0.0,0.0,187.4381103515625
2009-03-31,167.63333333333333,6.82,4.573333333333333,2.2013333333333334,147.76666666666665,21.99666666666667,170.23333333333335,169.53333333333333,,102.31441333333333,10224.0,3.0,185.11900329589844
2009-06-30,151.79999999999998,6.986666666666667,3.7099999999999995,2.33,146.33333333333334,22.12,192.83333333333334,171.33333333333334,,98.1208015625,6807.0,4.0,115.44817352294922
2009-09-30,152.4333333333333,6.896666666666666,3.17,2.6039999999999996,149.16666666666666,22.22666666666667,193.36666666666667,173.86666666666667,,94.58290625,2781.8,2.0,104.8463617960612
2009-12-31,155.46666666666667,6.48,4.34,2.7406666666666673,150.66666666666666,22.336666666666662,185.03333333333333,176.9,,92.11604262295081,0.0,0.0,98.1390380859375
2010-03-31,161.5,6.543333333333333,5.146666666666667,2.8520000000000003,153.6,22.44333333333333,167.46666666666667,182.0666666666667,,93.10724736842104,3885.3999999999996,2.0,126.09097035725911
2010-06-30,171.83333333333334,6.946666666666666,4.323333333333333,3.0286666666666666,156.43333333333334,22.51,167.29999999999998,184.23333333333335,,94.7188515625,9449.5,3.0,133.732546488444
2010-09-30,171.9,7.006666666666667,4.28,2.939,157.1,22.626666666666665,168.0,184.63333333333333,,93.6339390625,1375.1,1.0,170.305544535319
2010-12-31,170.53333333333333,6.563333333333333,3.796666666666667,3.145,157.79999999999998,22.743333333333336,165.13333333333333,188.0,,90.64960655737706,5472.0,1.0,160.45345560709634
2011-03-31,182.66666666666666,6.5633333333333335,4.183333333333334,3.625666666666666,163.33333333333334,22.87,159.6,195.9,,89.28980161290323,19675.2,2.0,123.29896545410156
2011-06-30,194.0,7.046666666666667,4.363333333333333,4.014666666666667,171.46666666666667,22.963333333333335,162.26666666666665,203.70000000000002,,86.93641875,50153.1,10.0,116.14454905192058
2011-09-30,191.0666666666667,7.103333333333333,4.126666666666666,3.8673333333333333,172.6,23.096666666666664,162.6,203.83333333333334,,87.6444734375,26821.800000000003,5.0,235.08399963378906
2011-12-31,189.83333333333334,6.493333333333333,3.3266666666666667,3.873666666666667,171.79999999999998,23.19666666666667,162.93333333333334,200.76666666666665,,91.37396557377049,1285.8,1.0,154.88080851236978
2012-03-31,191.4333333333333,6.43,2.4499999999999997,3.971,174.20000000000002,23.3,179.26666666666665,202.16666666666666,,90.69970967741935,46023.1,2.0,124.20052337646484
2012-06-30,190.20000000000002,6.8500000000000005,2.28,3.951,178.46666666666667,23.416666666666668,180.13333333333333,201.79999999999998,,92.3979265625,20545.2,7.0,143.43682607014972
2012-09-30,184.9333333333333,6.890000000000001,2.8800000000000003,3.941333333333333,177.26666666666665,23.516666666666666,173.0,202.4,,92.35402222222221,3786.1,1.0,168.62200927734375
2012-12-31,181.83333333333334,6.506666666666667,3.4,4.0183333333333335,179.9,23.636666666666667,172.80000000000004,202.26666666666665,,91.03736666666667,88453.9,1.0,195.6483408610026
2013-03-31,179.76666666666665,6.626666666666666,3.49,4.029333333333333,182.29999999999998,23.77333333333333,173.29999999999998,203.6,,91.58443333333334,18284.7,3.0,158.0124308268229
2013-06-30,177.70000000000002,7.1499999999999995,4.013333333333333,3.8830000000000005,183.5,23.906666666666666,172.96666666666667,203.96666666666667,,92.5994015625,9117.4,4.0,123.69815826416016
2013-09-30,177.83333333333334,7.153333333333333,3.5566666666666666,3.9106666666666663,182.76666666666665,24.02,171.6,204.16666666666666,,93.6926765625,3443.2,2.0,126.69519297281902
2013-12-31,178.0666666666667,6.763333333333333,3.8533333333333335,3.8686666666666665,183.79999999999998,24.143333333333334,170.6,201.9,,93.11088524590164,1472.2,1.0,143.43640645345053
2014-03-31,178.70000000000002,6.96,5.203333333333333,3.9593333333333334,185.6,24.290000000000003,164.20000000000002,205.5,,94.5107052631579,8268.2,2.0,100.69771830240886
2014-06-30,179.33333333333334,7.28,4.61,3.937666666666667,187.29999999999998,24.400000000000002,162.6,208.20000000000002,,93.833565625,14044.9,6.0,94.99231465657552
2014-09-30,179.76666666666665,7.316666666666666,3.9599999999999995,3.8379999999999996,187.13333333333333,24.52333333333333,161.36666666666667,207.13333333333333,,94.7503140625,3224.5,2.0,76.19997660319011
2014-12-31,179.20000000000002,6.706666666666667,3.793333333333333,3.5796666666666668,186.0,24.623333333333335,161.53333333333333,200.4333333333333,,99.3125,0.0,0.0,97.97861735026042
2015-03-31,174.5,6.773333333333333,2.896666666666667,2.917333333333333,182.6,24.8,162.46666666666667,191.53333333333333,2258731121.0,105.47301694915255,9998.6,2.0,101.37755330403645
2015-06-30,165.1,7.1000000000000005,2.7466666666666666,2.8476666666666666,179.83333333333334,24.94333333333333,161.4,193.03333333333333,2719429295.0,105.997159375,15643.9,7.0,107.24798075358073
2015-09-30,161.4,7.146666666666666,2.7566666666666664,2.6293333333333333,178.79999999999998,25.070000000000004,161.0,191.63333333333333,2308196929.0,109.626665625,0.0,0.0,142.3903605143229
2015-12-31,155.70000000000002,6.5,2.1199999999999997,2.432,176.66666666666666,25.233333333333334,160.20000000000002,185.5666666666667,1985767445.0,111.47422419354838,5266.9,2.0,100.7496846516927
2016-03-31,154.16666666666666,6.44,2.0,2.077,174.0,25.400000000000002,159.4333333333333,182.0,1592064856.0,113.60903220338983,13371.5,5.0,144.5564168294271
2016-06-30,159.76666666666665,6.943333333333334,2.143333333333333,2.296666666666667,174.23333333333335,25.576666666666668,144.4,185.36666666666667,2047448202.0,110.91595625,19518.4,7.0,142.1972885131836
2016-09-30,164.36666666666667,7.033333333333334,2.8766666666666665,2.3833333333333333,176.26666666666665,25.723333333333333,144.4,187.0666666666667,1955131544.0,112.0512875,15220.0,2.0,119.22918192545573
2016-12-31,161.76666666666668,6.640000000000001,3.0399999999999996,2.4676666666666667,177.33333333333334,25.909999999999997,144.4,187.0666666666667,2121859177.0,115.86304262295081,13100.0,1.0,174.5300725301107
2017-03-31,171.73333333333335,6.646666666666666,3.01,2.5673333333333335,180.0,26.060000000000002,144.43333333333334,191.26666666666665,2154441877.0,116.46396229508197,16589.7,7.0,175.80934143066406
2017-06-30,176.9,7.093333333333334,3.0766666666666667,2.5513333333333335,181.16666666666666,26.213333333333335,157.66666666666666,193.13333333333333,2348916049.0,113.90348125,40146.5,9.0,136.06769053141275
2017-09-30,176.0,7.1000000000000005,2.953333333333333,2.6253333333333333,181.4666666666667,26.403333333333336,179.16666666666666,194.03333333333333,2562100910.0,109.93858412698413,339200.0,3.0,131.872683207194
2017-12-31,174.80000000000004,6.736666666666667,2.903333333333333,2.8706666666666667,184.76666666666665,26.55666666666667,186.86666666666667,195.70000000000002,2941675446.0,110.97474426229508,0.0,0.0,125.83290354410808
2018-03-31,180.5,6.66,3.0766666666666667,3.017333333333333,187.70000000000002,26.77,205.73333333333335,198.83333333333334,2905848534.0,107.99647,5955.1,3.0,154.27288055419922
2018-06-30,200.33333333333334,7.093333333333334,2.856666666666667,3.1976666666666667,191.13333333333333,26.973333333333333,242.69999999999996,202.5666666666667,3048680622.0,110.617584375,44533.2,8.0,145.23827616373697
2018-09-30,214.20000000000002,7.0566666666666675,2.9299999999999997,3.237666666666667,193.5666666666667,27.209999999999997,315.4,203.76666666666665,2872237574.0,113.64831587301587,34326.8,4.0,137.3838882446289
2018-12-31,214.46666666666667,6.7,3.8033333333333332,3.2626666666666666,195.9,27.456666666666667,315.4,202.63333333333333,2876784016.0,115.69885409836066,31218.8,1.0,175.87791442871094
2019-03-31,210.73333333333335,6.6433333333333335,2.9166666666666665,3.017666666666667,196.0,27.683333333333334,315.76666666666665,199.70000000000002,2447744583.0,114.55295593220339,24509.1,4.0,196.13563028971353
2019-06-30,205.16666666666666,6.8999999999999995,2.563333333333333,3.123666666666667,198.26666666666665,27.876666666666665,289.9,201.36666666666667,2909246492.0,115.4291453125,19523.2,6.0,159.5119654337565
2019-09-30,201.4333333333333,7.1000000000000005,2.3833333333333333,3.022,198.4333333333333,28.11,249.69999999999996,199.4333333333333,2613924035.0,116.4763265625,9370.1,3.0,225.6363728841146
2019-12-31,197.6,6.489999999999999,2.4,3.0589999999999997,198.70000000000002,28.316666666666666,229.5333333333333,198.86666666666667,2458187270.0,116.41506229508197,2113.1,1.0,173.49888610839844
2020-03-31,197.46666666666667,6.406666666666666,1.9066666666666665,2.895666666666667,199.9,28.569999999999997,230.73333333333335,196.36666666666667,2434297867.0,117.75739516129032,8904.9,4.0,268.90857950846356
2020-06-30,193.36666666666667,6.88,1.7066666666666668,2.4309999999999996,197.29999999999998,29.713333333333335,230.73333333333335,188.4333333333333,1969998972.0,121.84220625,22412.6,8.0,401.71607462565106
2020-09-30,189.66666666666666,6.93,1.9933333333333332,2.425666666666667,196.53333333333333,29.46666666666667,230.79999999999998,194.26666666666665,2463337293.0,117.358425,78765.2,7.0,314.658203125
2020-12-31,198.26666666666665,6.406666666666666,2.526666666666667,2.4686666666666666,197.79999999999998,29.7,230.96666666666667,198.4333333333333,2869880584.0,113.92367,10502.0,3.0,319.9976298014323
2021-03-31,223.73333333333335,7.1433333333333335,3.56,2.893333333333333,201.53333333333333,30.01,188.76666666666665,210.13333333333333,3389048383.0,112.37469166666666,42347.8,5.0,205.20377095540366
2021-06-30,264.26666666666665,7.096666666666667,2.9433333333333334,3.2113333333333336,206.0666666666667,30.396666666666665,206.30000000000004,223.9,3985660099.0,111.8373984375,24049.1,7.0,154.17587280273438
2021-09-30,317.324,7.53,4.3566666666666665,3.357666666666667,209.33033333333333,30.80333333333333,190.49366666666666,233.64766666666665,4265957341.0,113.3141390625,91407.3,6.0,170.22235616048175
2021-12-31,351.6556666666667,7.206666666666667,4.773333333333333,3.66,213.08933333333334,31.27,191.295,241.6966666666667,4032981418.0,114.9794786885246,6494.6,2.0,171.40892537434897
2022-03-31,355.434,7.45,4.656666666666667,4.287,217.03266666666664,31.7,195.72299999999998,253.04233333333332,4169247885.0,115.49977258064516,25981.1,3.0,174.9889678955078
2022-06-30,364.3996666666667,8.803333333333333,7.48,5.4816666666666665,227.246,32.086666666666666,197.965,272.9373333333333,4824810426.0,118.96322063492063,22411.3,9.0,170.69710795084634
2022-09-30,348.70533333333333,8.963333333333333,7.990000000000001,5.164000000000001,231.72133333333332,32.446666666666665,222.13233333333332,269.906,3599842917.0,123.53624375,125313.1,4.0,202.5210723876953
2022-12-31,321.8996666666667,8.273333333333333,5.546666666666667,5.06,231.52033333333335,32.833333333333336,237.81066666666666,262.03833333333336,3544943874.0,124.82148032786885,14757.900000000001,3.0,189.2291259765625
2023-03-31,305.63166666666666,7.773333333333333,2.6533333333333333,4.3999999999999995,232.92466666666667,33.163333333333334,239.364,258.6526666666667,3678125401.0,120.34234354838709,16874.6,4.0,171.62811279296875
2023-06-30,311.56600000000003,8.036666666666667,2.1633333333333336,3.9386666666666668,229.821,33.54333333333333,239.69066666666666,254.81266666666667,3838419193.0,119.58965873015873,52207.9,14.0,183.3006846110026
2023-09-30,289.89366666666666,8.446666666666667,2.59,4.2716666666666665,229.611,33.906666666666666,240.164,256.8163333333334,3522671790.0,120.20475555555555,20071.7,8.0,109.08454132080078
2023-12-31,282.6266666666666,7.823333333333333,2.736666666666667,4.244333333333333,234.25033333333332,34.19,239.7733333333333,252.638,3656214347.0,121.86107540983606,1314.4,1.0,127.09095001220703
2024-03-31,291.51166666666666,7.743333333333333,2.1300000000000003,3.973333333333333,234.70899999999997,34.56,249.94766666666666,253.77566666666667,3732814727.0,121.00471612903226,20626.9,7.0,118.16600799560547
2024-06-30,277.33933333333334,8.336666666666668,2.0866666666666664,3.8486666666666665,235.76233333333334,34.88,252.73033333333333,256.0683333333333,4145135466.0,122.87737936507936,35694.7,14.0,135.73266092936197
2024-09-30,265.914,8.409999999999998,2.1133333333333333,3.6893333333333334,237.27633333333333,35.21,253.63833333333332,255.15533333333335,4030090949.0,122.934590625,92142.0,5.0,136.90077463785806
2024-12-31,262.96566666666666,8.043333333333333,2.4433333333333334,3.5336666666666665,237.231,35.589999999999996,254.788,253.23833333333334,3960082426.0,126.0080564516129,34250.0,1.0,184.395144144694
2025-03-31,263.685,8.200000000000001,4.146666666666667,3.6313333333333335,240.42600000000002,35.916666666666664,256.941,258.461,,127.85811639344263,0.0,0.0,337.4603322347005
2025-06-30,282.10133333333334,8.813333333333333,3.186666666666667,3.555,240.37466666666668,36.20666666666667,252.3603333333333,259.24133333333333,,122.76102063492064,0.0,0.0,554.8351745605469
2025-09-30,280.03499999999997,9.06,3.026666666666667,3.757,240.63350000000003,36.480000000000004,240.88549999999998,262.5025,,120.6528,0.0,0.0,354.73972574869794
2025-12-31,,,,3.679,,,,,,121.34142903225806,0.0,0.0,282.4214172363281
