Year,Quarter_Label,PeriodEndDate,ReportType,Cost_Per_Ton,Gross_Margin_Pct,Inventory_Turnover,AccessionNumber,Cost_of_products_sold,Net_sales,Inventories_net,Tons_Shipped,Quarter,Inventories_Previous,Average_Inventory,Net_sales_millions,COGS_millions,Inventories_millions,Tons_Shipped_thousands
2015,Q1,2015-04-04,10-Q,729.5755102040816,6.552697616060225,1.5962723754928219,0001193125-15-185690,4111158000.0,4399440000.0,2405916000.0,5635000.0,1,2745032000.0,2575474000.0,4399.44,4111.158,2405.916,5635.0
2015,Q2,2015-07-04,10-Q,655.8716763005781,8.865090924862693,1.699567544203145,0001193125-15-287733,3971303000.0,4357609000.0,2267394000.0,6055000.0,2,2405916000.0,2336655000.0,4357.609,3971.303,2267.394,6055.0
2015,Q3,2015-10-03,10-Q,629.2160462349142,12.396977030486706,1.599527273080816,0001193125-15-374781,3701678000.0,4225514000.0,2361071000.0,5883000.0,3,2267394000.0,2314232500.0,4225.514,3701.678,2361.071,5883.0
2015,Q4,2015-12-31,Calculated_Q4,656.9779710144927,1.6368300651798369,1.508864832359373,0001193125-16-481119,3399861000.0,3456437000.0,2145444000.0,5175000.0,4,2361071000.0,2253257500.0,3456.437,3399.861,2145.444,5175.0
2016,Q1,2016-04-02,10-Q,557.6818477553676,7.722840281022377,1.6510288267972417,0001193125-16-586874,3428628000.0,3715576000.0,2007879000.0,6148000.0,1,2145444000.0,2076661500.0,3715.576,3428.628,2007.879,6148.0
2016,Q2,2016-07-02,10-Q,569.8485364720458,13.337032699824672,1.7129892297811948,0001193125-16-677912,3679512000.0,4245772000.0,2288134000.0,6457000.0,2,2007879000.0,2148006500.0,4245.772,3679.512,2288.134,6457.0
2016,Q3,2016-10-01,10-Q,622.4995754797079,14.552486156938684,1.5847174772822867,0001193125-16-764062,3665900000.0,4290236000.0,2338432000.0,5889000.0,3,2288134000.0,2313283000.0,4290.236,3665.9,2338.432,5889.0
2016,Q4,2016-12-31,Calculated_Q4,708.0410958904109,-4.512771154499426,1.7163243324014867,0001193125-17-062124,4134960000.0,3956416000.0,2479958000.0,5840000.0,4,2338432000.0,2409195000.0,3956.416,4134.96,2479.958,5840.0
2017,Q1,2017-04-01,10-Q,615.8762150668286,15.78861346587531,1.4627833267918777,0001193125-17-165702,4054929000.0,4815179000.0,3064170000.0,6584000.0,1,2479958000.0,2772064000.0,4815.179,4054.929,3064.17,6584.0
2017,Q2,2017-07-01,10-Q,661.6988737403675,13.713172510695646,1.3973808638226632,0001193125-17-252608,4465144000.0,5174769000.0,3326563000.0,6748000.0,2,3064170000.0,3195366500.0,5174.769,4465.144,3326.563,6748.0
2017,Q3,2017-09-30,10-Q,693.7372317920822,11.198276557377715,1.3407249368572014,0001193125-17-337077,4591153000.0,5170117000.0,3522199000.0,6618000.0,3,3326563000.0,3424381000.0,5170.117,4591.153,3522.199,6618.0
2017,Q4,2017-12-31,Calculated_Q4,1236.6997017664603,-5.868869103788638,1.5437751337543502,0001193125-18-064018,5390774000.0,5091935000.0,3461686000.0,4359000.0,4,3522199000.0,3491942500.0,5091.935,5390.774,3461.686,4359.0
2018,Q1,2018-03-31,10-Q,694.992536242285,13.045103107363149,1.3505956398080998,0001193125-18-157220,4842013000.0,5568419000.0,3708503000.0,6967000.0,1,3461686000.0,3585094500.0,5568.419,4842.013,3708.503,6967.0
2018,Q2,2018-06-30,10-Q,735.6098374322635,18.05650530416325,1.3502170052824702,0001193125-18-242368,5294184000.0,6460774000.0,4133472000.0,7197000.0,2,3708503000.0,3920987500.0,6460.774,5294.184,4133.472,7197.0
2018,Q3,2018-09-29,10-Q,773.5601589103292,19.135439727258248,1.3234443305443038,0001193125-18-320749,5452052000.0,6742202000.0,4105714000.0,7048000.0,3,4133472000.0,4119593000.0,6742.202,5452.052,4105.714,7048.0
2018,Q4,2018-12-31,Calculated_Q4,1183.664962121212,0.7283493802422484,1.4434915224407203,0001193125-19-057744,6249751000.0,6295605000.0,4553500000.0,5280000.0,4,4105714000.0,4329607000.0,6295.605,6249.751,4553.5,5280.0
2019,Q1,2019-03-30,10-Q,768.5432244717009,14.694886875096774,1.155881586819826,0001193125-19-141391,5200732000.0,6096624000.0,4445228000.0,6767000.0,1,4553500000.0,4499364000.0,6096.624,5200.732,4445.228,6767.0
2019,Q2,2019-06-29,10-Q,761.5246876859012,13.15291454219871,1.175229776084008,0001564590-19-029949,5120492000.0,5895986000.0,4268799000.0,6724000.0,2,4445228000.0,4357013500.0,5895.986,5120.492,4268.799,6724.0
2019,Q3,2019-09-28,10-Q,746.2991609458429,10.476910796262862,1.1729616965680136,0001564590-19-040956,4891991000.0,5464502000.0,4072464000.0,6555000.0,3,4268799000.0,4170631500.0,5464.502,4891.991,4072.464,6555.0
2019,Q4,2019-12-31,Calculated_Q4,598.0590856997326,8.48031059994006,1.186814830744202,0001564590-20-007794,4696558000.0,5131746000.0,3842095000.0,7853000.0,4,4072464000.0,3957279500.0,5131.746,4696.558,3842.095,7853.0
2020,Q1,2020-04-04,10-Q,695.0144705718659,11.188305394929216,1.2944474929982241,0001564590-20-025117,4995069000.0,5624337000.0,3875590000.0,7187000.0,1,3842095000.0,3858842500.0,5624.337,4995.069,3875.59,7187.0
2020,Q2,2020-07-04,10-Q,720.8152947618179,8.734279480119964,1.089648175820489,0001564590-20-039639,3949347000.0,4327306000.0,3373258000.0,5479000.0,2,3875590000.0,3624424000.0,4327.306,3949.347,3373.258,5479.0
2020,Q3,2020-10-03,10-Q,695.1099418878592,10.190728009155919,1.3342788745697693,0001564590-20-053596,4425765000.0,4927960000.0,3260685000.0,6367000.0,3,3373258000.0,3316971500.0,4927.96,4425.765,3260.685,6367.0
2020,Q4,2020-12-31,Calculated_Q4,791.2813708494466,-12.801733405292415,1.7376326068768893,0001564590-21-009503,5933819000.0,5260397000.0,3569089000.0,7499000.0,4,3260685000.0,3414887000.0,5260.397,5933.819,3569.089,7499.0
2021,Q1,2021-04-03,10-Q,751.7702062430324,23.12105786688024,1.3607162175404337,0001564590-21-026758,5394703000.0,7017140000.0,4360122000.0,7176000.0,1,3569089000.0,3964605500.0,7017.14,5394.703,4360.122,7176.0
2021,Q2,2021-07-03,10-Q,844.1140069500134,28.14264246292366,1.3156432040756298,0001564590-21-043479,6315661000.0,8789164000.0,5240750000.0,7482000.0,2,4360122000.0,4800436000.0,8789.164,6315.661,5240.75,7482.0
2021,Q3,2021-10-02,10-Q,963.0437813720023,33.028210482794755,1.2650711367269367,0001564590-21-056213,6906950000.0,10313223000.0,5678715000.0,7172000.0,3,5240750000.0,5459732500.0,10313.223,6906.95,5678.715,7172.0
2021,Q4,2021-12-31,Calculated_Q4,2349.060992138791,16.390481214047256,1.4825940724712972,0001564590-22-007679,8665686000.0,10364473000.0,6011182000.0,3689000.0,4,5678715000.0,5844948500.0,10364.473,8665.686,6011.182,3689.0
2022,Q1,2022-04-02,10-Q,1100.272599311855,32.95574254079896,1.1479518287757362,0001564590-22-019391,7035143000.0,10493282000.0,6245679000.0,6394000.0,1,6011182000.0,6128430500.0,10493.282,7035.143,6245.679,6394.0
2022,Q2,2022-07-02,10-Q,1102.2231618174,34.798185997951244,1.1992699157360558,0001564590-22-028899,7690211000.0,11794474000.0,6579142000.0,6977000.0,2,6245679000.0,6412410500.0,11794.474,7690.211,6579.142,6977.0
2022,Q3,2022-10-01,10-Q,1193.6654715510522,27.077967250926243,1.213011540170246,0001564590-22-037206,7657364000.0,10500755000.0,6046235000.0,6415000.0,3,6579142000.0,6312688500.0,10500.755,7657.364,6046.235,6415.0
2022,Q4,2022-12-31,Calculated_Q4,1050.0274199267226,-1.8432189230708034,1.545123961652785,0001564590-23-002793,8884282000.0,8723489000.0,5453531000.0,8461000.0,4,6046235000.0,5749883000.0,8723.489,8884.282,5453.531,8461.0
2023,Q1,2023-04-01,10-Q,1041.7162812354493,22.94152225378244,1.2154192769301826,0000950170-23-020173,6711778000.0,8709980000.0,5590852000.0,6443000.0,1,5453531000.0,5522191500.0,8709.98,6711.778,5590.852,6443.0
2023,Q2,2023-07-01,10-Q,1065.8139040680023,26.269103760310546,1.2512647043938365,0000950170-23-040234,7021582000.0,9523256000.0,5632324000.0,6588000.0,2,5590852000.0,5611588000.0,9523.256,7021.582,5632.324,6588.0
2023,Q3,2023-09-30,10-Q,1098.5471153846154,21.88762786109971,1.2602500172585134,0000950170-23-060729,6854934000.0,8775734000.0,5246365000.0,6240000.0,3,5632324000.0,5439344500.0,8775.734,6854.934,5246.365,6240.0
2023,Q4,2023-12-31,Calculated_Q4,1255.8301615224693,-1.9166181053156186,1.45096392566862,0000950170-24-021195,7852706000.0,7705030000.0,5577758000.0,6253000.0,4,5246365000.0,5412061500.0,7705.03,7852.706,5577.758,6253.0
2024,Q1,2024-03-30,10-Q,1062.6450835475578,18.718993034727553,1.1844983533816589,0000950170-24-055144,6613903000.0,8137083000.0,5589675000.0,6224000.0,1,5577758000.0,5583716500.0,8137.083,6613.903,5589.675,6224.0
2024,Q2,2024-06-29,10-Q,1094.4692319923677,14.783082494714733,1.2693016599114952,0000950170-24-092479,6883117000.0,8077172000.0,5255843000.0,6289000.0,2,5589675000.0,5422759000.0,8077.172,6883.117,5255.843,6289.0
2024,Q3,2024-09-28,10-Q,1079.119754680439,10.181592013067963,1.2880003112979583,0000950170-24-121863,6686226000.0,7444160000.0,5126493000.0,6196000.0,3,5255843000.0,5191168000.0,7444.16,6686.226,5126.493,6196.0
2024,Q4,2024-12-31,Calculated_Q4,867.8808497536946,20.32101939274279,1.101931660251319,0000950170-25-028427,5637754000.0,7075585000.0,5106000000.0,6496000.0,4,5126493000.0,5116246500.0,7075.585,5637.754,5106.0,6496.0
2025,Q1,2025-04-05,10-Q,1057.8330893118593,7.726692209450831,1.3945184327349933,0000950170-25-071567,7225000000.0,7830000000.0,5256000000.0,6830000.0,1,5106000000.0,5181000000.0,7830.0,7225.0,5256.0,6830.0
2025,Q2,2025-07-05,10-Q,1060.557184750733,14.463103122043519,1.3496921067363314,0000950170-25-107646,7233000000.0,8456000000.0,5462000000.0,6820000.0,2,5256000000.0,5359000000.0,8456.0,7233.0,5462.0,6820.0
2025,Q3,2025-10-04,10-Q,1082.521405373487,13.942025583851661,1.351082450483648,0001193125-25-276207,7333000000.0,8521000000.0,5393000000.0,6774000.0,3,5462000000.0,5427500000.0,8521.0,7333.0,5393.0,6774.0
