freq,product,nrg_cons,unit,tax,currency,geo\TIME_PERIOD	2020-S2 	2021-S1 	2021-S2 	2022-S1 	2022-S2 	2023-S1 	2023-S2 	2024-S1 	2024-S2 	2025-S1 
S,6000,MWH500-1999,KWH,I_TAX,EUR,AL	0.1243 e	0.1247 e	0.1263 e	0.1268 	0.1316 	0.1362 e	0.1468 e	0.1503 	0.1551 e	0.1703 
S,6000,MWH500-1999,KWH,I_TAX,EUR,AT	0.1421 	0.1474 	0.1534 	0.1940 	0.2143 e	0.3117 e	0.2965 e	0.2384 e	0.2407 e	0.2434 e
S,6000,MWH500-1999,KWH,I_TAX,EUR,BA	0.0854 	0.0874 	0.0847 	0.0867 	0.1044 	0.1065 	0.1056 	0.1119 	0.1114 	0.1289 
S,6000,MWH500-1999,KWH,I_TAX,EUR,BE	0.1426 	0.1464 	0.1732 	0.2349 	0.2863 	0.2743 	0.2619 	0.2153 	0.2197 	0.2348 
S,6000,MWH500-1999,KWH,I_TAX,EUR,BG	0.1011 	0.1155 	0.1876 	0.2084 	0.2152 	0.1791 	0.1634 	0.1363 	0.1587 	0.1526 
S,6000,MWH500-1999,KWH,I_TAX,EUR,CY	0.1608 	0.1786 	0.2298 	0.2921 	0.3739 	0.3262 	0.3261 	0.2893 	0.3041 	0.2736 
S,6000,MWH500-1999,KWH,I_TAX,EUR,CZ	0.1019 	0.1069 	0.1031 	0.1904 	0.2141 	0.2389 	0.2176 	0.2239 	0.2347 	0.2232 
S,6000,MWH500-1999,KWH,I_TAX,EUR,DE	0.2181 	0.2239 	0.2298 	0.2616 	0.2524 	0.2691 	0.2671 	0.2798 	0.2834 	0.2745 
S,6000,MWH500-1999,KWH,I_TAX,EUR,DK	0.2349 	0.2503 	0.2961 	0.3521 	0.4089 	0.1680 	0.2625 	0.2588 	0.2867 	0.2738 
S,6000,MWH500-1999,KWH,I_TAX,EUR,EA	0.1612 	0.1664 	0.1838 	0.2288 	0.2536 	0.2659 	0.2483 	0.2308 	0.2386 	0.2336 
S,6000,MWH500-1999,KWH,I_TAX,EUR,EE	0.1048 	0.1148 	0.1831 	0.1950 	0.3103 	0.1880 	0.1884 	0.1743 	0.1811 	0.1751 
S,6000,MWH500-1999,KWH,I_TAX,EUR,EL	0.1120 	0.1243 	0.2371 	0.2447 	0.2602 	0.2015 	0.1941 	0.1642 	0.2124 	0.2084 
S,6000,MWH500-1999,KWH,I_TAX,EUR,ES	0.1422 	0.1300 	0.1705 	0.2255 	0.2598 	0.1912 	0.1837 	0.1629 	0.1703 	0.1692 
S,6000,MWH500-1999,KWH,I_TAX,EUR,EU27_2020	0.1523 	0.1572 	0.1750 	0.2207 	0.2498 	0.2575 	0.2417 	0.2263 	0.2332 	0.2282 
S,6000,MWH500-1999,KWH,I_TAX,EUR,FI	0.0941 	0.0838 	0.0992 	0.1002 	0.1399 	0.1187 	0.1097 	0.1078 	0.0983 	0.1009 
S,6000,MWH500-1999,KWH,I_TAX,EUR,FR	0.1142 	0.1255 	0.1207 	0.1514 	0.1486 	0.3010 	0.2535 	0.2137 	0.2122 	0.1938 
S,6000,MWH500-1999,KWH,I_TAX,EUR,GE	0.0514 	0.0841 	0.0775 	: 	0.1122 	0.1096 	0.1059 	0.0960 	0.0950 	0.1011 
S,6000,MWH500-1999,KWH,I_TAX,EUR,HR	0.1156 	0.1158 	0.1290 	0.1755 	0.2705 	0.3312 	0.2638 	0.2616 	0.2600 	0.2618 
S,6000,MWH500-1999,KWH,I_TAX,EUR,HU	0.1167 	0.1144 	0.1304 	0.2124 	0.2846 	0.3887 	0.3401 	0.2838 	0.2861 	0.2644 
S,6000,MWH500-1999,KWH,I_TAX,EUR,IE	0.1513 	0.1705 	0.2123 	0.2417 	0.3119 	0.3070 	0.2798 	0.2778 	0.2772 	0.2955 
S,6000,MWH500-1999,KWH,I_TAX,EUR,IS	0.0801 e	0.0552 e	0.0896 e	0.0934 e	0.0996 e	0.0976 e	0.0994 e	0.1074 e	0.1198 e	: 
S,6000,MWH500-1999,KWH,I_TAX,EUR,IT	0.1753 	0.1837 	0.2142 	0.2949 	0.3925 	0.2819 	0.2645 	0.2417 	0.2641 	0.2706 
S,6000,MWH500-1999,KWH,I_TAX,EUR,LI	0.1113 	0.1077 	0.1202 	0.1513 	0.1678 	0.3505 	0.2736 	0.2210 	0.2050 	0.2308 
S,6000,MWH500-1999,KWH,I_TAX,EUR,LT	0.1242 	0.1266 	0.1689 	0.2182 	0.3990 	0.2018 	0.1958 	0.2043 	0.1985 	0.1932 
S,6000,MWH500-1999,KWH,I_TAX,EUR,LU	0.1020 	0.1037 	0.1058 	0.1404 	0.1638 	0.2664 	0.2511 	0.2217 	0.2209 	0.1922 
S,6000,MWH500-1999,KWH,I_TAX,EUR,LV	0.1276 	0.1224 	0.1635 	0.1512 	0.2609 	0.1773 	0.1836 	0.1778 	0.1767 	0.1663 
S,6000,MWH500-1999,KWH,I_TAX,EUR,MD	0.0858 	0.0757 	0.0762 	0.0910 	0.1787 	0.1754 	0.1309 	0.1187 	0.1163 	0.2028 
S,6000,MWH500-1999,KWH,I_TAX,EUR,ME	0.0784 	0.1043 	0.0792 	0.1026 	0.1036 	0.1037 	0.0984 	0.1026 	0.1023 	0.1047 p
S,6000,MWH500-1999,KWH,I_TAX,EUR,MK	0.0892 	0.0888 	0.1445 	0.1988 	0.3793 	0.1995 	0.1378 	0.1187 	0.1720 	0.1494 
S,6000,MWH500-1999,KWH,I_TAX,EUR,MT	0.1409 	0.1412 	0.1471 	0.1414 	0.1415 	0.1482 	0.1482 	0.1479 	0.1413 	0.1415 p
S,6000,MWH500-1999,KWH,I_TAX,EUR,NL	0.1318 	0.1434 	0.1568 	0.2145 	0.2028 	0.2962 	0.2635 	0.2533 	0.2547 	0.2476 
S,6000,MWH500-1999,KWH,I_TAX,EUR,NO	0.0603 	0.1013 	0.1500 	0.1833 	0.2663 	0.1425 	0.1028 	0.1095 	0.0855 	0.1025 
S,6000,MWH500-1999,KWH,I_TAX,EUR,PL	0.1325 	0.1343 	0.1357 	0.1674 	0.1833 	0.2624 	0.2606 	0.2563 	0.2583 	0.2454 
S,6000,MWH500-1999,KWH,I_TAX,EUR,PT	0.1354 	0.1294 	0.1433 	0.1459 	0.1661 	0.1162 	0.1416 	0.1403 	0.1626 	0.1607 
S,6000,MWH500-1999,KWH,I_TAX,EUR,RO	0.1213 	0.1180 	0.1538 	0.2793 d	0.4251 d	0.2120 	0.2045 	0.1903 	0.1986 	0.2045 
S,6000,MWH500-1999,KWH,I_TAX,EUR,RS	0.0955 	0.0954 	0.1048 	0.1157 	0.1404 	0.1658 	0.1787 	0.1835 	0.1593 	0.1686 
S,6000,MWH500-1999,KWH,I_TAX,EUR,SE	0.0840 	0.0888 	0.1227 	0.1401 	0.1907 	0.1336 	0.1126 	0.1177 	0.1066 	0.1205 
S,6000,MWH500-1999,KWH,I_TAX,EUR,SI	0.1190 	0.1123 	0.1219 	0.1933 	0.2239 	0.2469 	0.2497 	0.2105 	0.2199 	0.1897 
S,6000,MWH500-1999,KWH,I_TAX,EUR,SK	0.1579 	0.1530 	0.1614 	0.2592 	0.2915 	0.3224 	0.2796 	0.2260 	0.2473 	0.2341 
S,6000,MWH500-1999,KWH,I_TAX,EUR,TR	0.0758 	0.0784 	0.0869 	0.1394 	0.2300 	0.1655 	0.1193 	0.1086 	0.1167 	0.1083 
S,6000,MWH500-1999,KWH,I_TAX,EUR,UA	0.0669 	0.0714 	: 	: 	: 	: 	: 	: 	: 	: 
S,6000,MWH500-1999,KWH,I_TAX,EUR,XK	0.0734 	0.0727 	0.0730 	0.0724 	0.0730 	0.0789 	0.0848 	0.0833 	0.0820 	: 
S,6000,MWH500-1999,KWH,I_TAX,NAC,AL	15.3960 e	15.3720 e	15.3720 e	15.3700 	15.3700 	15.3720 e	15.3720 e	15.3720 	15.3720 e	16.8000 
S,6000,MWH500-1999,KWH,I_TAX,NAC,AT	0.1421 	0.1474 	0.1534 	0.1940 	0.2143 e	0.3117 e	0.2965 e	0.2384 e	0.2407 e	0.2434 e
S,6000,MWH500-1999,KWH,I_TAX,NAC,BA	0.1671 	0.1710 	0.1656 	0.1695 	0.2042 	0.2082 	0.2066 	0.2188 	0.2179 	0.2520 
S,6000,MWH500-1999,KWH,I_TAX,NAC,BE	0.1426 	0.1464 	0.1732 	0.2349 	0.2863 	0.2743 	0.2619 	0.2153 	0.2197 	0.2348 
S,6000,MWH500-1999,KWH,I_TAX,NAC,BG	0.1978 	0.2258 	0.3670 	0.4075 	0.4209 	0.3503 	0.3196 	0.2665 	0.3103 	0.2984 
S,6000,MWH500-1999,KWH,I_TAX,NAC,CY	0.1608 	0.1786 	0.2298 	0.2921 	0.3739 	0.3262 	0.3261 	0.2893 	0.3041 	0.2736 
S,6000,MWH500-1999,KWH,I_TAX,NAC,CZ	2.7074 	2.7629 	2.6227 	4.6920 	5.2420 	5.6584 	5.2921 	5.6005 	5.9187 	5.5798 
S,6000,MWH500-1999,KWH,I_TAX,NAC,DE	0.2181 	0.2239 	0.2298 	0.2616 	0.2524 	0.2691 	0.2671 	0.2798 	0.2834 	0.2745 
S,6000,MWH500-1999,KWH,I_TAX,NAC,DK	1.7487 	1.8611 	2.2019 	2.6199 	3.0417 	1.2511 	1.9568 	1.9300 	2.1385 	2.0429 
S,6000,MWH500-1999,KWH,I_TAX,NAC,EE	0.1048 	0.1148 	0.1831 	0.1950 	0.3103 	0.1880 	0.1884 	0.1743 	0.1811 	0.1751 
S,6000,MWH500-1999,KWH,I_TAX,NAC,EL	0.1120 	0.1243 	0.2371 	0.2447 	0.2602 	0.2015 	0.1941 	0.1642 	0.2124 	0.2084 
S,6000,MWH500-1999,KWH,I_TAX,NAC,ES	0.1422 	0.1300 	0.1705 	0.2255 	0.2598 	0.1912 	0.1837 	0.1629 	0.1703 	0.1692 
S,6000,MWH500-1999,KWH,I_TAX,NAC,FI	0.0941 	0.0838 	0.0992 	0.1002 	0.1399 	0.1187 	0.1097 	0.1078 	0.0983 	0.1009 
S,6000,MWH500-1999,KWH,I_TAX,NAC,FR	0.1142 	0.1255 	0.1207 	0.1514 	0.1486 	0.3010 	0.2535 	0.2137 	0.2122 	0.1938 
S,6000,MWH500-1999,KWH,I_TAX,NAC,GE	0.1933 	0.3365 	0.2811 	: 	0.3161 	0.3076 	0.3044 	0.2808 	0.2814 	0.3068 
S,6000,MWH500-1999,KWH,I_TAX,NAC,HR	0.8718 	0.8742 	0.9684 	1.3237 	2.0380 	0.3312 	0.2638 	0.2616 	0.2600 	0.2618 
S,6000,MWH500-1999,KWH,I_TAX,NAC,HU	41.6634 	40.9569 	46.8264 	79.6972 	115.8680 	147.9490 	130.2054 	110.6066 	114.6509 	106.9644 
S,6000,MWH500-1999,KWH,I_TAX,NAC,IE	0.1513 	0.1705 	0.2123 	0.2417 	0.3119 	0.3070 	0.2798 	0.2778 	0.2772 	0.2955 
S,6000,MWH500-1999,KWH,I_TAX,NAC,IS	12.8600 e	8.3765 e	13.3300 e	13.2100 e	14.2600 e	14.7500 e	14.6400 e	16.0500 e	17.8700 e	: 
S,6000,MWH500-1999,KWH,I_TAX,NAC,IT	0.1753 	0.1837 	0.2142 	0.2949 	0.3925 	0.2819 	0.2645 	0.2417 	0.2641 	0.2706 
S,6000,MWH500-1999,KWH,I_TAX,NAC,LI	0.1207 	0.1179 	0.1284 	0.1561 	0.1641 	0.3454 	0.2621 	0.2125 	0.1935 	0.2173 
S,6000,MWH500-1999,KWH,I_TAX,NAC,LT	0.1242 	0.1266 	0.1689 	0.2182 	0.3990 	0.2018 	0.1958 	0.2043 	0.1985 	0.1932 
S,6000,MWH500-1999,KWH,I_TAX,NAC,LU	0.1020 	0.1037 	0.1058 	0.1404 	0.1638 	0.2664 	0.2511 	0.2217 	0.2209 	0.1922 
S,6000,MWH500-1999,KWH,I_TAX,NAC,LV	0.1276 	0.1224 	0.1635 	0.1512 	0.2609 	0.1773 	0.1836 	0.1778 	0.1767 	0.1663 
S,6000,MWH500-1999,KWH,I_TAX,NAC,MD	1.7177 	1.6127 	1.5673 	1.8384 	3.5023 	3.4875 	2.5397 	2.2800 	2.2449 	3.9535 
S,6000,MWH500-1999,KWH,I_TAX,NAC,ME	0.0784 	0.1043 	0.0792 	0.1026 	0.1036 	0.1037 	0.0984 	0.1026 	0.1023 	0.1047 p
S,6000,MWH500-1999,KWH,I_TAX,NAC,MK	5.5011 	5.4729 	8.9062 	12.2613 	23.3550 	12.2906 	8.4779 	7.3044 	10.5788 	9.2013 
S,6000,MWH500-1999,KWH,I_TAX,NAC,MT	0.1409 	0.1412 	0.1471 	0.1414 	0.1415 	0.1482 	0.1482 	0.1479 	0.1413 	0.1415 p
S,6000,MWH500-1999,KWH,I_TAX,NAC,NL	0.1318 	0.1434 	0.1568 	0.2145 	0.2028 	0.2962 	0.2635 	0.2533 	0.2547 	0.2476 
S,6000,MWH500-1999,KWH,I_TAX,NAC,NO	0.6465 	1.0311 	1.5227 	1.8302 	2.7223 	1.6145 	1.1855 	1.2584 	1.0053 	1.1952 
S,6000,MWH500-1999,KWH,I_TAX,NAC,PL	0.5926 	0.6092 	0.6232 	0.7762 	0.8678 	1.2129 	1.1622 	1.1063 	1.1096 	1.0385 
S,6000,MWH500-1999,KWH,I_TAX,NAC,PT	0.1354 	0.1294 	0.1433 	0.1459 	0.1661 	0.1162 	0.1416 	0.1403 	0.1626 	0.1607 
S,6000,MWH500-1999,KWH,I_TAX,NAC,RO	0.5892 	0.5783 	0.7600 	1.3812 d	2.0904 d	1.0460 	1.0140 	0.9467 	0.9883 	1.0236 
S,6000,MWH500-1999,KWH,I_TAX,NAC,RS	11.2246 	11.2221 	12.3179 	13.6000 	16.4744 	19.4527 	20.9446 	21.4995 	18.6363 	19.7592 
S,6000,MWH500-1999,KWH,I_TAX,NAC,SE	0.8670 	0.8998 	1.2470 	1.4681 	2.0550 	1.5145 	1.3084 	1.3411 	1.2235 	1.3365 
S,6000,MWH500-1999,KWH,I_TAX,NAC,SI	0.1190 	0.1123 	0.1219 	0.1933 	0.2239 	0.2469 	0.2497 	0.2105 	0.2199 	0.1897 
S,6000,MWH500-1999,KWH,I_TAX,NAC,SK	0.1579 	0.1530 	0.1614 	0.2592 	0.2915 	0.3224 	0.2796 	0.2260 	0.2473 	0.2341 
S,6000,MWH500-1999,KWH,I_TAX,NAC,TR	0.6772 	0.7462 	0.9951 	2.2671 	4.2648 	3.5744 	3.5694 	3.7183 	4.3016 	4.4507 
S,6000,MWH500-1999,KWH,I_TAX,NAC,UA	2.2073 	2.3916 	: 	: 	: 	: 	: 	: 	: 	: 
S,6000,MWH500-1999,KWH,I_TAX,NAC,XK	0.0734 	0.0727 	0.0730 	0.0724 	0.0730 	0.0789 	0.0848 	0.0833 	0.0820 	: 
S,6000,MWH500-1999,KWH,I_TAX,PPS,AL	0.2421 e	0.2388 e	0.2388 e	0.2398 	0.2398 	0.2412 e	0.2416 e	0.2443 	0.2457 e	0.2703 
S,6000,MWH500-1999,KWH,I_TAX,PPS,AT	0.1243 	0.1289 	0.1328 	0.1680 	0.1879 e	0.2776 e	0.2641 e	0.2105 e	0.2124 e	0.2120 e
S,6000,MWH500-1999,KWH,I_TAX,PPS,BA	0.1668 	0.1707 	0.1628 	0.1666 	0.2005 	0.1957 	0.1909 	0.2052 	0.2030 	0.2184 
S,6000,MWH500-1999,KWH,I_TAX,PPS,BE	0.1278 	0.1312 	0.1556 	0.2114 	0.2577 	0.2464 	0.2340 	0.1919 	0.1946 	0.2091 
S,6000,MWH500-1999,KWH,I_TAX,PPS,BG	0.1877 	0.2143 	0.3400 	0.3775 	0.3881 	0.2971 	0.2711 	0.2257 	0.2628 	0.2487 
S,6000,MWH500-1999,KWH,I_TAX,PPS,CY	0.1755 	0.1950 	0.2506 	0.3186 	0.4126 	0.3566 	0.3577 	0.3220 	0.3339 	0.2996 
S,6000,MWH500-1999,KWH,I_TAX,PPS,CZ	0.1414 	0.1443 	0.1355 	0.2424 	0.2727 	0.2848 	0.2670 	0.2792 	0.2914 	0.2749 
S,6000,MWH500-1999,KWH,I_TAX,PPS,DE	0.1974 	0.2026 	0.2068 	0.2356 	0.2273 	0.2403 	0.2387 	0.2488 	0.2532 	0.2458 
S,6000,MWH500-1999,KWH,I_TAX,PPS,DK	0.1762 	0.1875 	0.2229 	0.2636 	0.3060 	0.1271 	0.1974 	0.1958 	0.2169 	0.2094 
S,6000,MWH500-1999,KWH,I_TAX,PPS,EA	0.1544 	0.1592 	0.1775 	0.2217 	0.2481 	0.2543 	0.2379 	0.2202 	0.2297 	0.2255 
S,6000,MWH500-1999,KWH,I_TAX,PPS,EE	0.1306 	0.1431 	0.2235 	0.2381 	0.3786 	0.2122 	0.2100 	0.1937 	0.1973 	0.1915 
S,6000,MWH500-1999,KWH,I_TAX,PPS,EL	0.1354 	0.1503 	0.2889 	0.2974 	0.3162 	0.2457 	0.2366 	0.2027 	0.2622 	0.2565 
S,6000,MWH500-1999,KWH,I_TAX,PPS,ES	0.1515 	0.1385 	0.1822 	0.2410 	0.2752 	0.2050 	0.1970 	0.1779 	0.1898 	0.1886 
S,6000,MWH500-1999,KWH,I_TAX,PPS,EU27_2020	0.1573 	0.1621 	0.1813 	0.2296 	0.2644 	0.2682 	0.2514 	0.2317 	0.2404 	0.2341 
S,6000,MWH500-1999,KWH,I_TAX,PPS,FI	0.0744 	0.0663 	0.0798 	0.0804 	0.1122 	0.0957 	0.0885 	0.0898 	0.0819 	0.0840 
S,6000,MWH500-1999,KWH,I_TAX,PPS,FR	0.1049 	0.1153 	0.1111 	0.1397 	0.1371 	0.2771 	0.2321 	0.1956 	0.1942 	0.1780 
S,6000,MWH500-1999,KWH,I_TAX,PPS,HR	0.1794 	0.1799 	0.1974 	0.2699 	0.4151 	0.4975 	0.3915 	0.3786 	0.3804 	0.3672 
S,6000,MWH500-1999,KWH,I_TAX,PPS,HU	0.1871 	0.1755 	0.2018 	0.3152 	0.4582 	0.5851 	0.5149 	0.4065 	0.4284 	0.3816 
S,6000,MWH500-1999,KWH,I_TAX,PPS,IE	0.1245 	0.1422 	0.1771 	0.2048 	0.2624 	0.2565 	0.2354 	0.2313 	0.2342 	0.2496 
S,6000,MWH500-1999,KWH,I_TAX,PPS,IS	0.0574 e	0.0374 e	0.0591 e	0.0585 e	0.0632 e	0.0672 e	0.0657 e	0.0716 e	0.0783 e	: 
S,6000,MWH500-1999,KWH,I_TAX,PPS,IT	0.1765 	0.1849 	0.2185 	0.3008 	0.4019 	0.2932 	0.2756 	0.2503 	0.2745 	0.2828 
S,6000,MWH500-1999,KWH,I_TAX,PPS,LT	0.1822 	0.1857 	0.2427 	0.3136 	0.5779 	0.2682 	0.2602 	0.2645 	0.2552 	0.2472 
S,6000,MWH500-1999,KWH,I_TAX,PPS,LU	0.0788 	0.0802 	0.0829 	0.1101 	0.1264 	0.2053 	0.1898 	0.1676 	0.1680 	0.1456 
S,6000,MWH500-1999,KWH,I_TAX,PPS,LV	0.1729 	0.1658 	0.2155 	0.1970 	0.3398 	0.2221 	0.2293 	0.2205 	0.2286 	0.2158 
S,6000,MWH500-1999,KWH,I_TAX,PPS,ME	0.1555 	0.2068 	0.1521 	0.1971 	0.2012 	0.1935 	0.1802 	0.1803 	0.1819 	0.1866 p
S,6000,MWH500-1999,KWH,I_TAX,PPS,MK	0.1942 	0.1932 	0.3041 	0.4187 	0.8142 	0.4173 	0.2902 	0.2450 	0.3392 	0.2950 
S,6000,MWH500-1999,KWH,I_TAX,PPS,MT	0.1607 	0.1610 	0.1666 	0.1619 	0.1597 	0.1652 	0.1652 	0.1629 	0.1556 	0.1556 p
S,6000,MWH500-1999,KWH,I_TAX,PPS,NL	0.1131 	0.1235 	0.1350 	0.1833 	0.1733 	0.2520 	0.2242 	0.2161 	0.2173 	0.2112 
S,6000,MWH500-1999,KWH,I_TAX,PPS,NO	0.0427 	0.0681 	0.1050 	0.1263 	0.1897 	0.1182 	0.0874 	0.0885 	0.0709 	0.0827 
S,6000,MWH500-1999,KWH,I_TAX,PPS,PL	0.2212 	0.2274 	0.2264 	0.2675 	0.2991 	0.4212 	0.4036 	0.3605 	0.3616 	0.3354 
S,6000,MWH500-1999,KWH,I_TAX,PPS,PT	0.1591 	0.1521 	0.1673 	0.1704 	0.1940 	0.1359 	0.1679 	0.1697 	0.1975 	0.1949 
S,6000,MWH500-1999,KWH,I_TAX,PPS,RO	0.2306 	0.2263 	0.2905 	0.5008 d	0.7580 d	0.3793 	0.3677 	0.3367 	0.3487 	0.3449 
S,6000,MWH500-1999,KWH,I_TAX,PPS,RS	0.1796 	0.1795 	0.1924 	0.2124 	0.2577 	0.2884 	0.3059 	0.2993 	0.2611 	0.2748 
S,6000,MWH500-1999,KWH,I_TAX,PPS,SE	0.0655 	0.0684 	0.0948 	0.1116 	0.1562 	0.1124 	0.0968 	0.0986 	0.0906 	0.0994 
S,6000,MWH500-1999,KWH,I_TAX,PPS,SI	0.1416 	0.1336 	0.1438 	0.2280 	0.2636 	0.2872 	0.2943 	0.2432 	0.2552 	0.2174 
S,6000,MWH500-1999,KWH,I_TAX,PPS,SK	0.1961 	0.1901 	0.1994 	0.3203 	0.3623 	0.3891 	0.3526 	0.2789 	0.3090 	0.2919 
S,6000,MWH500-1999,KWH,I_TAX,PPS,TR	0.2060 	0.2269 	0.2387 	0.5439 	0.5880 	0.4817 	0.4810 	0.3335 	0.2377 	0.2459 
S,6000,MWH500-1999,KWH,X_TAX,EUR,AL	0.1036 e	0.1039 e	0.1053 e	0.1057 	0.1097 	0.1135 e	0.1223 e	0.1252 	0.1292 e	0.1420 
S,6000,MWH500-1999,KWH,X_TAX,EUR,AT	0.0871 	0.0884 	0.0961 	0.1437 	0.1717 	0.2554 	0.2431 	0.1955 	0.1970 	0.1782 
S,6000,MWH500-1999,KWH,X_TAX,EUR,BA	0.0702 	0.0719 	0.0695 	0.0714 	0.0866 	0.0905 	0.0898 	0.0951 	0.0947 	0.1096 
S,6000,MWH500-1999,KWH,X_TAX,EUR,BE	0.0810 	0.0810 	0.1035 	0.1519 	0.2012 	0.1950 	0.1760 	0.1392 	0.1456 	0.1590 
S,6000,MWH500-1999,KWH,X_TAX,EUR,BG	0.0833 	0.0842 	0.1761 	0.2372 	0.3481 	0.1601 	0.1358 	0.1125 	0.1605 	0.1453 
S,6000,MWH500-1999,KWH,X_TAX,EUR,CY	0.1095 	0.1091 	0.1412 	0.1722 	0.2443 	0.1921 	0.1986 	0.1824 	0.1930 	0.1643 
S,6000,MWH500-1999,KWH,X_TAX,EUR,CZ	0.0713 	0.0739 	0.0758 	0.1444 	0.1769 	0.1962 	0.1786 	0.1654 	0.1744 	0.1647 
S,6000,MWH500-1999,KWH,X_TAX,EUR,DE	0.0885 	0.0908 	0.0967 	0.1512 	0.1782 	0.1904 	0.1890 	0.1976 	0.2010 	0.1828 
S,6000,MWH500-1999,KWH,X_TAX,EUR,DK	0.0615 	0.0725 	0.1150 	0.1595 	0.2264 	0.1325 	0.1157 	0.1042 	0.1265 	0.1226 
S,6000,MWH500-1999,KWH,X_TAX,EUR,EA	0.0846 	0.0892 	0.1067 	0.1657 	0.2036 	0.2034 	0.1857 	0.1645 	0.1698 	0.1614 
S,6000,MWH500-1999,KWH,X_TAX,EUR,EE	0.0750 	0.0834 	0.1403 	0.1502 	0.2463 	0.1433 	0.1447 	0.1313 	0.1365 	0.1335 
S,6000,MWH500-1999,KWH,X_TAX,EUR,EL	0.0805 	0.0890 	0.2013 	0.2830 	0.3925 	0.1627 	0.1546 	0.1274 	0.1715 	0.1685 
S,6000,MWH500-1999,KWH,X_TAX,EUR,ES	0.0882 	0.0931 	0.1115 	0.1769 	0.2064 	0.1522 	0.1470 	0.1217 	0.1280 	0.1240 
S,6000,MWH500-1999,KWH,X_TAX,EUR,EU27_2020	0.0826 	0.0863 	0.1036 	0.1593 	0.1987 	0.1938 	0.1767 	0.1575 	0.1629 	0.1560 
S,6000,MWH500-1999,KWH,X_TAX,EUR,FI	0.0689 	0.0669 	0.0793 	0.0802 	0.1144 	0.0951 	0.0879 	0.0863 d	0.0780 d	0.0797 
S,6000,MWH500-1999,KWH,X_TAX,EUR,FR	0.0754 	0.0850 	0.0810 	0.1203 	0.1237 	0.2506 	0.2107 	0.1639 	0.1591 	0.1372 
S,6000,MWH500-1999,KWH,X_TAX,EUR,GE	0.0435 	0.0713 	0.0657 	: 	0.0951 	0.0928 	0.0897 	0.0814 	0.0805 	0.0857 
S,6000,MWH500-1999,KWH,X_TAX,EUR,HR	0.0878 	0.0881 	0.0998 	0.1410 	0.2246 	0.2780 	0.2187 	0.2169 	0.2155 	0.2166 
S,6000,MWH500-1999,KWH,X_TAX,EUR,HU	0.0833 	0.0819 	0.0998 	0.1739 	0.2204 	0.2996 	0.2608 	0.2055 	0.2138 	0.1928 
S,6000,MWH500-1999,KWH,X_TAX,EUR,IE	0.1252 	0.1378 	0.1778 	0.2104 	0.2834 	0.2940 	0.2691 	0.2543 	0.2505 	0.2636 
S,6000,MWH500-1999,KWH,X_TAX,EUR,IS	0.0704 	0.0449 e	0.0704 e	0.0732 e	0.0775 e	0.0757 e	0.0778 e	0.0835 e	0.0944 e	: 
S,6000,MWH500-1999,KWH,X_TAX,EUR,IT	0.0878 	0.0939 	0.1403 	0.2354 	0.3257 	0.2031 	0.1771 	0.1515 	0.1660 	0.1774 
S,6000,MWH500-1999,KWH,X_TAX,EUR,LI	0.0895 	0.0863 	0.0976 	0.1260 	0.1405 	0.3102 	0.2384 	0.1889 	0.1738 	0.1976 
S,6000,MWH500-1999,KWH,X_TAX,EUR,LT	0.0901 	0.0932 	0.1294 	0.1758 	0.3294 	0.1741 	0.1688 	0.1684 	0.1636 	0.1598 
S,6000,MWH500-1999,KWH,X_TAX,EUR,LU	0.0832 	0.0836 	0.0855 	0.1230 	0.1441 	0.2477 	0.2332 	0.2041 	0.2018 	0.1763 
S,6000,MWH500-1999,KWH,X_TAX,EUR,LV	0.0839 	0.0849 	0.1191 	0.1467 	0.2292 	0.1685 	0.1495 	0.1451 	0.1446 	0.1354 
S,6000,MWH500-1999,KWH,X_TAX,EUR,MD	0.0718 	0.0633 	0.0640 	0.0761 	0.1495 	0.1465 	0.1098 	0.0989 	0.0975 	0.1695 
S,6000,MWH500-1999,KWH,X_TAX,EUR,ME	0.0513 	0.0773 	0.0527 	0.0762 	0.0761 	0.0768 	0.0764 	0.0800 	0.0799 	0.0817 p
S,6000,MWH500-1999,KWH,X_TAX,EUR,MK	0.0756 	0.0752 	0.1225 	0.1685 	0.3215 	0.1690 	0.1168 	0.1006 	0.1458 	0.1266 
S,6000,MWH500-1999,KWH,X_TAX,EUR,MT	0.1327 	0.1330 	0.1386 	0.1332 	0.1333 	0.1396 	0.1396 	0.1394 	0.1331 	0.1333 p
S,6000,MWH500-1999,KWH,X_TAX,EUR,NL	0.0752 	0.0777 	0.0937 	0.1391 	0.1517 	0.2004 	0.1788 	0.1658 	0.1711 	0.1633 
S,6000,MWH500-1999,KWH,X_TAX,EUR,NO	0.0392 	0.0715 	0.1104 	0.1369 	0.2035 	0.1055 	0.0738 	0.0791 	0.0601 	0.0737 
S,6000,MWH500-1999,KWH,X_TAX,EUR,PL	0.0784 	0.0731 	0.0685 	0.0988 	0.1115 	0.1404 	0.1380 	0.1271 	0.1325 	0.1295 
S,6000,MWH500-1999,KWH,X_TAX,EUR,PT	0.0781 	0.0755 	0.0892 	0.1351 	0.1721 	0.1505 	0.1381 	0.1068 	0.1118 	0.1136 
S,6000,MWH500-1999,KWH,X_TAX,EUR,RO	0.0848 	0.0824 	0.1130 	0.2149 d	0.3395 d	0.1632 	0.1560 	0.1415 	0.1501 	0.1560 
S,6000,MWH500-1999,KWH,X_TAX,EUR,RS	0.0731 	0.0702 	0.0774 	0.0893 	0.1026 	0.1218 	0.1318 	0.1356 	0.1172 	0.1242 
S,6000,MWH500-1999,KWH,X_TAX,EUR,SE	0.0668 	0.0705 	0.0976 	0.1115 	0.1520 	0.1064 	0.0896 	0.0937 	0.0848 	0.0958 
S,6000,MWH500-1999,KWH,X_TAX,EUR,SI	0.0809 	0.0757 	0.0812 	0.1435 	0.1817 	0.2057 	0.1893 	0.1574 	0.1661 	0.1410 
S,6000,MWH500-1999,KWH,X_TAX,EUR,SK	0.0972 	0.0929 	0.0999 	0.1892 	0.2161 	0.2285 	0.1928 	0.1615 	0.1793 	0.1638 
S,6000,MWH500-1999,KWH,X_TAX,EUR,TR	0.0627 	0.0648 	0.0724 	0.1171 	0.1934 	0.1392 	0.0986 	0.0898 	0.0965 	0.0895 
S,6000,MWH500-1999,KWH,X_TAX,EUR,UA	0.0558 	0.0595 	: 	: 	: 	: 	: 	: 	: 	: 
S,6000,MWH500-1999,KWH,X_TAX,EUR,XK	0.0641 	0.0635 	0.0649 	0.0659 e	0.0669 	0.0713 	0.0754 	0.0741 	0.0728 	: 
S,6000,MWH500-1999,KWH,X_TAX,NAC,AL	12.8300 e	12.8100 e	12.8100 e	12.8100 	12.8100 	12.8100 e	12.8100 e	12.8100 	12.8100 e	14.0000 
S,6000,MWH500-1999,KWH,X_TAX,NAC,AT	0.0871 	0.0884 	0.0961 	0.1437 	0.1717 	0.2554 	0.2431 	0.1955 	0.1970 	0.1782 
S,6000,MWH500-1999,KWH,X_TAX,NAC,BA	0.1373 	0.1406 	0.1359 	0.1396 	0.1693 	0.1770 	0.1756 	0.1861 	0.1853 	0.2144 
S,6000,MWH500-1999,KWH,X_TAX,NAC,BE	0.0810 	0.0810 	0.1035 	0.1519 	0.2012 	0.1950 	0.1760 	0.1392 	0.1456 	0.1590 
S,6000,MWH500-1999,KWH,X_TAX,NAC,BG	0.1629 	0.1647 	0.3444 	0.4640 	0.6809 	0.3131 	0.2656 	0.2201 	0.3140 	0.2842 
S,6000,MWH500-1999,KWH,X_TAX,NAC,CY	0.1095 	0.1091 	0.1412 	0.1722 	0.2443 	0.1921 	0.1986 	0.1824 	0.1930 	0.1643 
S,6000,MWH500-1999,KWH,X_TAX,NAC,CZ	1.8947 	1.9101 	1.9286 	3.5588 	4.3315 	4.6471 	4.3443 	4.1374 	4.3991 	4.1179 
S,6000,MWH500-1999,KWH,X_TAX,NAC,DE	0.0885 	0.0908 	0.0967 	0.1512 	0.1782 	0.1904 	0.1890 	0.1976 	0.2010 	0.1828 
S,6000,MWH500-1999,KWH,X_TAX,NAC,DK	0.4576 	0.5394 	0.8555 	1.1870 	1.6844 	0.9869 	0.8625 	0.7770 	0.9438 	0.9143 
S,6000,MWH500-1999,KWH,X_TAX,NAC,EE	0.0750 	0.0834 	0.1403 	0.1502 	0.2463 	0.1433 	0.1447 	0.1313 	0.1365 	0.1335 
S,6000,MWH500-1999,KWH,X_TAX,NAC,EL	0.0805 	0.0890 	0.2013 	0.2830 	0.3925 	0.1627 	0.1546 	0.1274 	0.1715 	0.1685 
S,6000,MWH500-1999,KWH,X_TAX,NAC,ES	0.0882 	0.0931 	0.1115 	0.1769 	0.2064 	0.1522 	0.1470 	0.1217 	0.1280 	0.1240 
S,6000,MWH500-1999,KWH,X_TAX,NAC,FI	0.0689 	0.0669 	0.0793 	0.0802 	0.1144 	0.0951 	0.0879 	0.0863 d	0.0780 d	0.0797 
S,6000,MWH500-1999,KWH,X_TAX,NAC,FR	0.0754 	0.0850 	0.0810 	0.1203 	0.1237 	0.2506 	0.2107 	0.1639 	0.1591 	0.1372 
S,6000,MWH500-1999,KWH,X_TAX,NAC,GE	0.1638 	0.2852 	0.2382 	: 	0.2679 	0.2606 	0.2580 	0.2380 	0.2385 	0.2600 
S,6000,MWH500-1999,KWH,X_TAX,NAC,HR	0.6623 	0.6652 	0.7492 	1.0630 	1.6924 	0.2780 	0.2187 	0.2169 	0.2155 	0.2166 
S,6000,MWH500-1999,KWH,X_TAX,NAC,HU	29.7454 	29.3270 	35.8336 	65.2419 	89.7194 	114.0625 	99.8367 	80.0907 	85.6911 	77.9971 
S,6000,MWH500-1999,KWH,X_TAX,NAC,IE	0.1252 	0.1378 	0.1778 	0.2104 	0.2834 	0.2940 	0.2691 	0.2543 	0.2505 	0.2636 
S,6000,MWH500-1999,KWH,X_TAX,NAC,IS	11.3000 	6.8048 e	10.4700 e	10.3484 e	11.0900 e	11.4300 e	11.4500 e	12.4800 e	14.0700 e	: 
S,6000,MWH500-1999,KWH,X_TAX,NAC,IT	0.0878 	0.0939 	0.1403 	0.2354 	0.3257 	0.2031 	0.1771 	0.1515 	0.1660 	0.1774 
S,6000,MWH500-1999,KWH,X_TAX,NAC,LI	0.0971 	0.0945 	0.1043 	0.1300 	0.1374 	0.3057 	0.2284 	0.1816 	0.1640 	0.1860 
S,6000,MWH500-1999,KWH,X_TAX,NAC,LT	0.0901 	0.0932 	0.1294 	0.1758 	0.3294 	0.1741 	0.1688 	0.1684 	0.1636 	0.1598 
S,6000,MWH500-1999,KWH,X_TAX,NAC,LU	0.0832 	0.0836 	0.0855 	0.1230 	0.1441 	0.2477 	0.2332 	0.2041 	0.2018 	0.1763 
S,6000,MWH500-1999,KWH,X_TAX,NAC,LV	0.0839 	0.0849 	0.1191 	0.1467 	0.2292 	0.1685 	0.1495 	0.1451 	0.1446 	0.1354 
S,6000,MWH500-1999,KWH,X_TAX,NAC,MD	1.4372 	1.3484 	1.3165 	1.5367 	2.9297 	2.9138 	2.1301 	1.9000 	1.8825 	3.3041 
S,6000,MWH500-1999,KWH,X_TAX,NAC,ME	0.0513 	0.0773 	0.0527 	0.0762 	0.0761 	0.0768 	0.0764 	0.0800 	0.0799 	0.0817 p
S,6000,MWH500-1999,KWH,X_TAX,NAC,MK	4.6620 	4.6381 	7.5476 	10.3909 	19.7924 	10.4158 	7.1847 	6.1902 	8.9651 	7.7977 
S,6000,MWH500-1999,KWH,X_TAX,NAC,MT	0.1327 	0.1330 	0.1386 	0.1332 	0.1333 	0.1396 	0.1396 	0.1394 	0.1331 	0.1333 p
S,6000,MWH500-1999,KWH,X_TAX,NAC,NL	0.0752 	0.0777 	0.0937 	0.1391 	0.1517 	0.2004 	0.1788 	0.1658 	0.1711 	0.1633 
S,6000,MWH500-1999,KWH,X_TAX,NAC,NO	0.4201 	0.7278 	1.1210 	1.3670 	2.0807 	1.1945 	0.8512 	0.9096 	0.7071 	0.8590 
S,6000,MWH500-1999,KWH,X_TAX,NAC,PL	0.3506 	0.3319 	0.3146 	0.4580 	0.5282 	0.6489 	0.6153 	0.5487 	0.5690 	0.5480 
S,6000,MWH500-1999,KWH,X_TAX,NAC,PT	0.0781 	0.0755 	0.0892 	0.1351 	0.1721 	0.1505 	0.1381 	0.1068 	0.1118 	0.1136 
S,6000,MWH500-1999,KWH,X_TAX,NAC,RO	0.4119 	0.4039 	0.5581 	1.0630 d	1.6696 d	0.8055 	0.7738 	0.7041 	0.7466 	0.7807 
S,6000,MWH500-1999,KWH,X_TAX,NAC,RS	8.5937 	8.2481 	9.0973 	10.4972 	12.0430 	14.2899 	15.4508 	15.8859 	13.7139 	14.5581 
S,6000,MWH500-1999,KWH,X_TAX,NAC,SE	0.6886 	0.7138 	0.9916 	1.1685 	1.6380 	1.2056 	1.0407 	1.0669 	0.9728 	1.0632 
S,6000,MWH500-1999,KWH,X_TAX,NAC,SI	0.0809 	0.0757 	0.0812 	0.1435 	0.1817 	0.2057 	0.1893 	0.1574 	0.1661 	0.1410 
S,6000,MWH500-1999,KWH,X_TAX,NAC,SK	0.0972 	0.0929 	0.0999 	0.1892 	0.2161 	0.2285 	0.1928 	0.1615 	0.1793 	0.1638 
S,6000,MWH500-1999,KWH,X_TAX,NAC,TR	0.5600 	0.6173 	0.8290 	1.9048 	3.5857 	3.0061 	2.9507 	3.0731 	3.5593 	3.6806 
S,6000,MWH500-1999,KWH,X_TAX,NAC,UA	1.8394 	1.9930 	: 	: 	: 	: 	: 	: 	: 	: 
S,6000,MWH500-1999,KWH,X_TAX,NAC,XK	0.0641 	0.0635 	0.0649 	0.0659 e	0.0669 	0.0713 	0.0754 	0.0741 	0.0728 	: 
S,6000,MWH500-1999,KWH,X_TAX,PPS,AL	0.2017 e	0.1990 e	0.1990 e	0.1998 	0.1998 	0.2010 e	0.2014 e	0.2036 	0.2048 e	0.2253 
S,6000,MWH500-1999,KWH,X_TAX,PPS,AT	0.0762 	0.0773 	0.0832 	0.1244 	0.1505 	0.2275 	0.2165 	0.1726 	0.1738 	0.1552 
S,6000,MWH500-1999,KWH,X_TAX,PPS,BA	0.1371 	0.1404 	0.1336 	0.1372 	0.1662 	0.1663 	0.1623 	0.1745 	0.1727 	0.1858 
S,6000,MWH500-1999,KWH,X_TAX,PPS,BE	0.0726 	0.0726 	0.0930 	0.1367 	0.1811 	0.1752 	0.1573 	0.1241 	0.1290 	0.1416 
S,6000,MWH500-1999,KWH,X_TAX,PPS,BG	0.1546 	0.1563 	0.3190 	0.4298 	0.6279 	0.2656 	0.2253 	0.1864 	0.2659 	0.2368 
S,6000,MWH500-1999,KWH,X_TAX,PPS,CY	0.1195 	0.1191 	0.1540 	0.1878 	0.2696 	0.2100 	0.2178 	0.2031 	0.2119 	0.1799 
S,6000,MWH500-1999,KWH,X_TAX,PPS,CZ	0.0990 	0.0998 	0.0996 	0.1838 	0.2254 	0.2339 	0.2192 	0.2062 	0.2166 	0.2029 
S,6000,MWH500-1999,KWH,X_TAX,PPS,DE	0.0801 	0.0822 	0.0870 	0.1361 	0.1605 	0.1701 	0.1689 	0.1758 	0.1795 	0.1637 
S,6000,MWH500-1999,KWH,X_TAX,PPS,DK	0.0461 	0.0543 	0.0866 	0.1194 	0.1695 	0.1002 	0.0870 	0.0788 	0.0957 	0.0937 
S,6000,MWH500-1999,KWH,X_TAX,PPS,EA	0.0816 	0.0861 	0.1043 	0.1625 	0.2010 	0.1950 	0.1780 	0.1569 	0.1633 	0.1561 
S,6000,MWH500-1999,KWH,X_TAX,PPS,EE	0.0935 	0.1039 	0.1713 	0.1834 	0.3005 	0.1618 	0.1613 	0.1459 	0.1487 	0.1460 
S,6000,MWH500-1999,KWH,X_TAX,PPS,EL	0.0973 	0.1076 	0.2453 	0.3439 	0.4770 	0.1984 	0.1885 	0.1573 	0.2117 	0.2074 
S,6000,MWH500-1999,KWH,X_TAX,PPS,ES	0.0939 	0.0992 	0.1192 	0.1891 	0.2186 	0.1632 	0.1576 	0.1330 	0.1426 	0.1382 
S,6000,MWH500-1999,KWH,X_TAX,PPS,EU27_2020	0.0872 	0.0905 	0.1091 	0.1678 	0.2121 	0.2000 	0.1824 	0.1601 	0.1674 	0.1600 
S,6000,MWH500-1999,KWH,X_TAX,PPS,FI	0.0545 	0.0529 	0.0638 	0.0643 	0.0917 	0.0767 	0.0709 	0.0719 d	0.0649 d	0.0664 
S,6000,MWH500-1999,KWH,X_TAX,PPS,FR	0.0693 	0.0781 	0.0745 	0.1110 	0.1141 	0.2307 	0.1929 	0.1500 	0.1457 	0.1260 
S,6000,MWH500-1999,KWH,X_TAX,PPS,HR	0.1363 	0.1369 	0.1527 	0.2167 	0.3447 	0.4176 	0.3246 	0.3139 	0.3154 	0.3038 
S,6000,MWH500-1999,KWH,X_TAX,PPS,HU	0.1336 	0.1256 	0.1545 	0.2580 	0.3548 	0.4511 	0.3948 	0.2944 	0.3202 	0.2783 
S,6000,MWH500-1999,KWH,X_TAX,PPS,IE	0.1030 	0.1149 	0.1483 	0.1783 	0.2384 	0.2456 	0.2264 	0.2117 	0.2116 	0.2227 
S,6000,MWH500-1999,KWH,X_TAX,PPS,IS	0.0504 	0.0304 e	0.0464 e	0.0458 e	0.0491 e	0.0521 e	0.0514 e	0.0557 e	0.0616 e	: 
S,6000,MWH500-1999,KWH,X_TAX,PPS,IT	0.0884 	0.0945 	0.1431 	0.2401 	0.3335 	0.2112 	0.1845 	0.1569 	0.1726 	0.1855 
S,6000,MWH500-1999,KWH,X_TAX,PPS,LT	0.1322 	0.1367 	0.1860 	0.2527 	0.4771 	0.2314 	0.2244 	0.2180 	0.2103 	0.2045 
S,6000,MWH500-1999,KWH,X_TAX,PPS,LU	0.0643 	0.0646 	0.0670 	0.0964 	0.1112 	0.1909 	0.1763 	0.1543 	0.1534 	0.1336 
S,6000,MWH500-1999,KWH,X_TAX,PPS,LV	0.1137 	0.1150 	0.1570 	0.1911 	0.2986 	0.2110 	0.1867 	0.1799 	0.1871 	0.1757 
S,6000,MWH500-1999,KWH,X_TAX,PPS,ME	0.1017 	0.1533 	0.1012 	0.1464 	0.1478 	0.1433 	0.1399 	0.1406 	0.1420 	0.1455 p
S,6000,MWH500-1999,KWH,X_TAX,PPS,MK	0.1646 	0.1637 	0.2577 	0.3548 	0.6900 	0.3536 	0.2460 	0.2076 	0.2874 	0.2500 
S,6000,MWH500-1999,KWH,X_TAX,PPS,MT	0.1513 	0.1516 	0.1570 	0.1525 	0.1505 	0.1557 	0.1557 	0.1535 	0.1466 	0.1465 p
S,6000,MWH500-1999,KWH,X_TAX,PPS,NL	0.0645 	0.0669 	0.0807 	0.1188 	0.1296 	0.1705 	0.1521 	0.1415 	0.1460 	0.1393 
S,6000,MWH500-1999,KWH,X_TAX,PPS,NO	0.0277 	0.0481 	0.0773 	0.0943 	0.1450 	0.0875 	0.0628 	0.0640 	0.0499 	0.0594 
S,6000,MWH500-1999,KWH,X_TAX,PPS,PL	0.1308 	0.1239 	0.1143 	0.1578 	0.1820 	0.2253 	0.2137 	0.1788 	0.1854 	0.1769 
S,6000,MWH500-1999,KWH,X_TAX,PPS,PT	0.0918 	0.0887 	0.1042 	0.1577 	0.2010 	0.1760 	0.1638 	0.1291 	0.1359 	0.1378 
S,6000,MWH500-1999,KWH,X_TAX,PPS,RO	0.1612 	0.1581 	0.2133 	0.3854 d	0.6054 d	0.2921 	0.2806 	0.2504 	0.2634 	0.2631 
S,6000,MWH500-1999,KWH,X_TAX,PPS,RS	0.1375 	0.1320 	0.1421 	0.1639 	0.1884 	0.2119 	0.2257 	0.2211 	0.1921 	0.2024 
S,6000,MWH500-1999,KWH,X_TAX,PPS,SE	0.0520 	0.0543 	0.0754 	0.0888 	0.1245 	0.0895 	0.0770 	0.0784 	0.0720 	0.0790 
S,6000,MWH500-1999,KWH,X_TAX,PPS,SI	0.0962 	0.0900 	0.0958 	0.1692 	0.2139 	0.2393 	0.2231 	0.1819 	0.1928 	0.1616 
S,6000,MWH500-1999,KWH,X_TAX,PPS,SK	0.1207 	0.1154 	0.1234 	0.2338 	0.2686 	0.2758 	0.2431 	0.1993 	0.2241 	0.2043 
S,6000,MWH500-1999,KWH,X_TAX,PPS,TR	0.1703 	0.1877 	0.1989 	0.4570 	0.4944 	0.4051 	0.3977 	0.2756 	0.1967 	0.2034 
S,6000,MWH500-1999,KWH,X_VAT,EUR,AL	0.1036 e	0.1039 e	0.1053 e	0.1057 	0.1097 	0.1135 e	0.1223 e	0.1252 	0.1292 e	0.1420 
S,6000,MWH500-1999,KWH,X_VAT,EUR,AT	0.1184 	0.1228 	0.1278 	0.1617 	0.1786 e	0.2597 e	0.2471 e	0.1987 e	0.2006 e	0.2029 e
S,6000,MWH500-1999,KWH,X_VAT,EUR,BA	0.0730 	0.0747 	0.0723 	0.0741 	0.0893 	0.0910 	0.0903 	0.0956 	0.0952 	0.1101 
S,6000,MWH500-1999,KWH,X_VAT,EUR,BE	0.1185 	0.1218 	0.1439 	0.1943 	0.2367 	0.2269 	0.2164 	0.1780 	0.1815 	0.1940 
S,6000,MWH500-1999,KWH,X_VAT,EUR,BG	0.0843 	0.0962 	0.1564 	0.1736 	0.1794 	0.1492 	0.1362 	0.1136 	0.1322 	0.1271 
S,6000,MWH500-1999,KWH,X_VAT,EUR,CY	0.1364 	0.1515 	0.1946 	0.2471 	0.3162 	0.2762 	0.2759 	0.2453 	0.2578 	0.2321 
S,6000,MWH500-1999,KWH,X_VAT,EUR,CZ	0.0842 	0.0883 	0.0905 	0.1573 	0.1840 	0.1974 	0.1798 	0.1850 	0.1939 	0.1844 
S,6000,MWH500-1999,KWH,X_VAT,EUR,DE	0.1818 	0.1813 	0.1860 	0.2132 	0.2056 	0.2192 	0.2175 	0.2328 	0.2359 	0.2281 
S,6000,MWH500-1999,KWH,X_VAT,EUR,DK	0.0686 	0.0797 	0.1164 	0.1609 	0.2278 	0.1339 	0.1170 	0.1055 	0.1284 	0.1236 
S,6000,MWH500-1999,KWH,X_VAT,EUR,EA	0.1355 	0.1386 	0.1542 	0.1915 	0.2151 	0.2234 	0.2083 	0.1948 	0.2013 	0.1973 
S,6000,MWH500-1999,KWH,X_VAT,EUR,EE	0.0873 	0.0957 	0.1526 	0.1625 	0.2586 	0.1567 	0.1570 	0.1429 	0.1484 	0.1435 
S,6000,MWH500-1999,KWH,X_VAT,EUR,EL	0.1059 	0.1174 	0.2238 	0.2310 	0.2457 	0.1902 	0.1832 	0.1550 	0.2005 	0.1967 
S,6000,MWH500-1999,KWH,X_VAT,EUR,ES	0.1175 	0.1074 	0.1459 	0.1879 	0.2202 	0.1597 	0.1536 	0.1371 	0.1426 	0.1413 
S,6000,MWH500-1999,KWH,X_VAT,EUR,EU27_2020	0.1259 	0.1290 	0.1447 	0.1837 	0.2107 	0.2151 	0.2003 	0.1885 	0.1941 	0.1902 
S,6000,MWH500-1999,KWH,X_VAT,EUR,FI	0.0759 	0.0676 	0.0800 	0.0808 	0.1150 	0.0957 	0.0885 	0.0870 	0.0786 	0.0804 
S,6000,MWH500-1999,KWH,X_VAT,EUR,FR	0.0954 	0.1057 	0.1018 	0.1273 	0.1267 	0.2529 	0.2133 	0.1802 	0.1785 	0.1640 
S,6000,MWH500-1999,KWH,X_VAT,EUR,GE	0.0435 	0.0713 	0.0657 	: 	0.0951 	0.0928 	0.0897 	0.0814 	0.0805 	0.0857 
S,6000,MWH500-1999,KWH,X_VAT,EUR,HR	0.1023 	0.1025 	0.1142 	0.1554 	0.2391 	0.2925 	0.2332 	0.2314 	0.2300 	0.2311 
S,6000,MWH500-1999,KWH,X_VAT,EUR,HU	0.0940 	0.0921 	0.1032 	0.1652 	0.2249 	0.3075 	0.2695 	0.2281 	0.2281 	0.2121 
S,6000,MWH500-1999,KWH,X_VAT,EUR,IE	0.1339 	0.1512 	0.1881 	0.2176 	0.2876 	0.2829 	0.2579 	0.2560 	0.2552 	0.2726 
S,6000,MWH500-1999,KWH,X_VAT,EUR,IS	0.0721 	0.0532 e	0.0724 e	0.0756 e	0.0800 e	0.0783 e	0.0804 e	0.0860 e	0.0970 e	: 
S,6000,MWH500-1999,KWH,X_VAT,EUR,IT	0.1514 	0.1584 	0.1853 	0.2525 	0.3372 	0.2443 	0.2284 	0.2090 	0.2274 	0.2336 
S,6000,MWH500-1999,KWH,X_VAT,EUR,LI	0.1034 	0.1000 	0.1117 	0.1405 	0.1558 	0.3255 	0.2540 	0.2045 	0.1896 	0.2135 
S,6000,MWH500-1999,KWH,X_VAT,EUR,LT	0.1026 	0.1046 	0.1396 	0.1803 	0.3297 	0.1668 	0.1619 	0.1688 	0.1640 	0.1600 
S,6000,MWH500-1999,KWH,X_VAT,EUR,LU	0.0938 	0.0954 	0.0974 	0.1294 	0.1512 	0.2485 	0.2342 	0.2048 	0.2040 	0.1775 
S,6000,MWH500-1999,KWH,X_VAT,EUR,LV	0.1055 	0.1012 	0.1351 	0.1250 	0.2157 	0.1465 	0.1508 	0.1469 	0.1460 	0.1375 
S,6000,MWH500-1999,KWH,X_VAT,EUR,MD	0.0718 	0.0633 	0.0640 	0.0761 	0.1495 	0.1465 	0.1098 	0.0989 	0.0975 	0.1695 
S,6000,MWH500-1999,KWH,X_VAT,EUR,ME	0.0659 	0.0867 	0.0665 	0.0850 	0.0859 	0.0861 	0.0816 	0.0851 	0.0848 	0.0867 p
S,6000,MWH500-1999,KWH,X_VAT,EUR,MK	0.0756 	0.0752 	0.1225 	0.1685 	0.3215 	0.1690 	0.1168 	0.1006 	0.1458 	0.1266 
S,6000,MWH500-1999,KWH,X_VAT,EUR,MT	0.1342 	0.1345 	0.1401 	0.1347 	0.1348 	0.1411 	0.1411 	0.1409 	0.1346 	0.1348 p
S,6000,MWH500-1999,KWH,X_VAT,EUR,NL	0.1089 	0.1185 	0.1296 	0.1773 	0.1861 	0.2448 	0.2177 	0.2093 	0.2105 	0.2046 
S,6000,MWH500-1999,KWH,X_VAT,EUR,NO	0.0483 	0.0811 	0.1200 	0.1467 	0.2130 	0.1140 	0.0822 	0.0876 	0.0684 	0.0820 
S,6000,MWH500-1999,KWH,X_VAT,EUR,PL	0.1077 	0.1092 	0.1104 	0.1555 	0.1702 	0.2133 	0.2119 	0.2083 	0.2100 	0.1995 
S,6000,MWH500-1999,KWH,X_VAT,EUR,PT	0.1114 	0.1066 	0.1186 	0.1202 	0.1359 	0.0954 	0.1161 	0.1149 	0.1332 	0.1322 
S,6000,MWH500-1999,KWH,X_VAT,EUR,RO	0.1019 	0.0992 	0.1293 	0.2347 d	0.3573 d	0.1781 	0.1718 	0.1599 	0.1669 	0.1719 
S,6000,MWH500-1999,KWH,X_VAT,EUR,RS	0.0796 	0.0795 	0.0873 	0.0964 	0.1172 	0.1384 	0.1492 	0.1533 	0.1333 	0.1411 
S,6000,MWH500-1999,KWH,X_VAT,EUR,SE	0.0672 	0.0711 	0.0982 	0.1121 	0.1525 	0.1069 	0.0901 	0.0942 	0.0853 	0.0964 
S,6000,MWH500-1999,KWH,X_VAT,EUR,SI	0.0976 	0.0920 	0.0999 	0.1585 	0.1968 	0.2213 	0.2047 	0.1725 	0.1802 	0.1555 
S,6000,MWH500-1999,KWH,X_VAT,EUR,SK	0.1316 	0.1275 	0.1345 	0.2160 	0.2429 	0.2687 	0.2330 	0.1883 	0.2061 	0.1967 
S,6000,MWH500-1999,KWH,X_VAT,EUR,TR	0.0640 	0.0661 	0.0736 	0.1181 	0.1949 	0.1402 	0.0994 	0.0905 	0.0972 	0.0902 
S,6000,MWH500-1999,KWH,X_VAT,EUR,UA	0.0558 	0.0595 	: 	: 	: 	: 	: 	: 	: 	: 
S,6000,MWH500-1999,KWH,X_VAT,EUR,XK	0.0679 	0.0673 	0.0676 	0.0670 	0.0676 	0.0730 	0.0785 	0.0772 	0.0759 	: 
S,6000,MWH500-1999,KWH,X_VAT,NAC,AL	12.8300 e	12.8100 e	12.8100 e	12.8100 	12.8100 	12.8100 e	12.8100 e	12.8100 	12.8100 e	14.0000 
S,6000,MWH500-1999,KWH,X_VAT,NAC,AT	0.1184 	0.1228 	0.1278 	0.1617 	0.1786 e	0.2597 e	0.2471 e	0.1987 e	0.2006 e	0.2029 e
S,6000,MWH500-1999,KWH,X_VAT,NAC,BA	0.1428 	0.1461 	0.1415 	0.1449 	0.1746 	0.1779 	0.1766 	0.1870 	0.1862 	0.2154 
S,6000,MWH500-1999,KWH,X_VAT,NAC,BE	0.1185 	0.1218 	0.1439 	0.1943 	0.2367 	0.2269 	0.2164 	0.1780 	0.1815 	0.1940 
S,6000,MWH500-1999,KWH,X_VAT,NAC,BG	0.1649 	0.1882 	0.3058 	0.3396 	0.3508 	0.2919 	0.2663 	0.2221 	0.2586 	0.2486 
S,6000,MWH500-1999,KWH,X_VAT,NAC,CY	0.1364 	0.1515 	0.1946 	0.2471 	0.3162 	0.2762 	0.2759 	0.2453 	0.2578 	0.2321 
S,6000,MWH500-1999,KWH,X_VAT,NAC,CZ	2.2375 	2.2834 	2.3019 	3.8777 	4.5056 	4.6764 	4.3736 	4.6285 	4.8915 	4.6114 
S,6000,MWH500-1999,KWH,X_VAT,NAC,DE	0.1818 	0.1813 	0.1860 	0.2132 	0.2056 	0.2192 	0.2175 	0.2328 	0.2359 	0.2281 
S,6000,MWH500-1999,KWH,X_VAT,NAC,DK	0.5110 	0.5929 	0.8655 	1.1970 	1.6943 	0.9969 	0.8725 	0.7870 	0.9578 	0.9223 
S,6000,MWH500-1999,KWH,X_VAT,NAC,EE	0.0873 	0.0957 	0.1526 	0.1625 	0.2586 	0.1567 	0.1570 	0.1429 	0.1484 	0.1435 
S,6000,MWH500-1999,KWH,X_VAT,NAC,EL	0.1059 	0.1174 	0.2238 	0.2310 	0.2457 	0.1902 	0.1832 	0.1550 	0.2005 	0.1967 
S,6000,MWH500-1999,KWH,X_VAT,NAC,ES	0.1175 	0.1074 	0.1459 	0.1879 	0.2202 	0.1597 	0.1536 	0.1371 	0.1426 	0.1413 
S,6000,MWH500-1999,KWH,X_VAT,NAC,FI	0.0759 	0.0676 	0.0800 	0.0808 	0.1150 	0.0957 	0.0885 	0.0870 	0.0786 	0.0804 
S,6000,MWH500-1999,KWH,X_VAT,NAC,FR	0.0954 	0.1057 	0.1018 	0.1273 	0.1267 	0.2529 	0.2133 	0.1802 	0.1785 	0.1640 
S,6000,MWH500-1999,KWH,X_VAT,NAC,GE	0.1638 	0.2852 	0.2382 	: 	0.2679 	0.2606 	0.2580 	0.2380 	0.2385 	0.2600 
S,6000,MWH500-1999,KWH,X_VAT,NAC,HR	0.7715 	0.7738 	0.8574 	1.1716 	1.8015 	0.2925 	0.2332 	0.2314 	0.2300 	0.2311 
S,6000,MWH500-1999,KWH,X_VAT,NAC,HU	33.5483 	32.9548 	37.0675 	61.9980 	91.5599 	117.0683 	103.1656 	88.8983 	91.4304 	85.7978 
S,6000,MWH500-1999,KWH,X_VAT,NAC,IE	0.1339 	0.1512 	0.1881 	0.2176 	0.2876 	0.2829 	0.2579 	0.2560 	0.2552 	0.2726 
S,6000,MWH500-1999,KWH,X_VAT,NAC,IS	11.5800 	8.0699 e	10.7700 e	10.6881 e	11.4500 e	11.8300 e	11.8400 e	12.8500 e	14.4600 e	: 
S,6000,MWH500-1999,KWH,X_VAT,NAC,IT	0.1514 	0.1584 	0.1853 	0.2525 	0.3372 	0.2443 	0.2284 	0.2090 	0.2274 	0.2336 
S,6000,MWH500-1999,KWH,X_VAT,NAC,LI	0.1121 	0.1095 	0.1193 	0.1450 	0.1524 	0.3207 	0.2434 	0.1966 	0.1790 	0.2010 
S,6000,MWH500-1999,KWH,X_VAT,NAC,LT	0.1026 	0.1046 	0.1396 	0.1803 	0.3297 	0.1668 	0.1619 	0.1688 	0.1640 	0.1600 
S,6000,MWH500-1999,KWH,X_VAT,NAC,LU	0.0938 	0.0954 	0.0974 	0.1294 	0.1512 	0.2485 	0.2342 	0.2048 	0.2040 	0.1775 
S,6000,MWH500-1999,KWH,X_VAT,NAC,LV	0.1055 	0.1012 	0.1351 	0.1250 	0.2157 	0.1465 	0.1508 	0.1469 	0.1460 	0.1375 
S,6000,MWH500-1999,KWH,X_VAT,NAC,MD	1.4372 	1.3484 	1.3165 	1.5367 	2.9297 	2.9138 	2.1301 	1.9000 	1.8825 	3.3041 
S,6000,MWH500-1999,KWH,X_VAT,NAC,ME	0.0659 	0.0867 	0.0665 	0.0850 	0.0859 	0.0861 	0.0816 	0.0851 	0.0848 	0.0867 p
S,6000,MWH500-1999,KWH,X_VAT,NAC,MK	4.6620 	4.6381 	7.5476 	10.3909 	19.7924 	10.4158 	7.1847 	6.1902 	8.9651 	7.7977 
S,6000,MWH500-1999,KWH,X_VAT,NAC,MT	0.1342 	0.1345 	0.1401 	0.1347 	0.1348 	0.1411 	0.1411 	0.1409 	0.1346 	0.1348 p
S,6000,MWH500-1999,KWH,X_VAT,NAC,NL	0.1089 	0.1185 	0.1296 	0.1773 	0.1861 	0.2448 	0.2177 	0.2093 	0.2105 	0.2046 
S,6000,MWH500-1999,KWH,X_VAT,NAC,NO	0.5172 	0.8249 	1.2182 	1.4641 	2.1778 	1.2916 	0.9484 	1.0068 	0.8043 	0.9562 
S,6000,MWH500-1999,KWH,X_VAT,NAC,PL	0.4818 	0.4953 	0.5067 	0.7210 	0.8062 	0.9861 	0.9449 	0.8994 	0.9021 	0.8443 
S,6000,MWH500-1999,KWH,X_VAT,NAC,PT	0.1114 	0.1066 	0.1186 	0.1202 	0.1359 	0.0954 	0.1161 	0.1149 	0.1332 	0.1322 
S,6000,MWH500-1999,KWH,X_VAT,NAC,RO	0.4951 	0.4860 	0.6386 	1.1607 d	1.7571 d	0.8790 	0.8521 	0.7956 	0.8305 	0.8602 
S,6000,MWH500-1999,KWH,X_VAT,NAC,RS	9.3538 	9.3517 	10.2649 	11.3333 	13.7546 	16.2382 	17.4860 	17.9537 	15.6008 	16.5324 
S,6000,MWH500-1999,KWH,X_VAT,NAC,SE	0.6936 	0.7198 	0.9976 	1.1745 	1.6440 	1.2116 	1.0467 	1.0729 	0.9788 	1.0692 
S,6000,MWH500-1999,KWH,X_VAT,NAC,SI	0.0976 	0.0920 	0.0999 	0.1585 	0.1968 	0.2213 	0.2047 	0.1725 	0.1802 	0.1555 
S,6000,MWH500-1999,KWH,X_VAT,NAC,SK	0.1316 	0.1275 	0.1345 	0.2160 	0.2429 	0.2687 	0.2330 	0.1883 	0.2061 	0.1967 
S,6000,MWH500-1999,KWH,X_VAT,NAC,TR	0.5711 	0.6293 	0.8430 	1.9199 	3.6140 	3.0285 	2.9739 	3.0984 	3.5850 	3.7074 
S,6000,MWH500-1999,KWH,X_VAT,NAC,UA	1.8394 	1.9930 	: 	: 	: 	: 	: 	: 	: 	: 
S,6000,MWH500-1999,KWH,X_VAT,NAC,XK	0.0679 	0.0673 	0.0676 	0.0670 	0.0676 	0.0730 	0.0785 	0.0772 	0.0759 	: 
S,6000,MWH500-1999,KWH,X_VAT,PPS,AL	0.2017 e	0.1990 e	0.1990 e	0.1998 	0.1998 	0.2010 e	0.2014 e	0.2036 	0.2048 e	0.2253 
S,6000,MWH500-1999,KWH,X_VAT,PPS,AT	0.1036 	0.1074 	0.1107 	0.1400 	0.1566 e	0.2313 e	0.2201 e	0.1754 e	0.1770 e	0.1767 e
S,6000,MWH500-1999,KWH,X_VAT,PPS,BA	0.1426 	0.1459 	0.1391 	0.1424 	0.1714 	0.1672 	0.1632 	0.1753 	0.1735 	0.1866 
S,6000,MWH500-1999,KWH,X_VAT,PPS,BE	0.1062 	0.1092 	0.1293 	0.1749 	0.2130 	0.2038 	0.1934 	0.1586 	0.1608 	0.1728 
S,6000,MWH500-1999,KWH,X_VAT,PPS,BG	0.1565 	0.1786 	0.2833 	0.3146 	0.3235 	0.2476 	0.2259 	0.1881 	0.2190 	0.2072 
S,6000,MWH500-1999,KWH,X_VAT,PPS,CY	0.1489 	0.1654 	0.2123 	0.2695 	0.3489 	0.3020 	0.3026 	0.2730 	0.2831 	0.2542 
S,6000,MWH500-1999,KWH,X_VAT,PPS,CZ	0.1169 	0.1193 	0.1189 	0.2003 	0.2344 	0.2353 	0.2207 	0.2307 	0.2408 	0.2272 
S,6000,MWH500-1999,KWH,X_VAT,PPS,DE	0.1645 	0.1641 	0.1674 	0.1920 	0.1851 	0.1958 	0.1944 	0.2070 	0.2108 	0.2043 
S,6000,MWH500-1999,KWH,X_VAT,PPS,DK	0.0515 	0.0597 	0.0876 	0.1204 	0.1705 	0.1012 	0.0880 	0.0798 	0.0972 	0.0945 
S,6000,MWH500-1999,KWH,X_VAT,PPS,EA	0.1298 	0.1327 	0.1492 	0.1859 	0.2105 	0.2139 	0.1998 	0.1860 	0.1939 	0.1906 
S,6000,MWH500-1999,KWH,X_VAT,PPS,EE	0.1088 	0.1193 	0.1863 	0.1984 	0.3155 	0.1769 	0.1750 	0.1588 	0.1617 	0.1570 
S,6000,MWH500-1999,KWH,X_VAT,PPS,EL	0.1280 	0.1419 	0.2727 	0.2807 	0.2986 	0.2319 	0.2233 	0.1914 	0.2475 	0.2421 
S,6000,MWH500-1999,KWH,X_VAT,PPS,ES	0.1251 	0.1144 	0.1559 	0.2008 	0.2332 	0.1713 	0.1647 	0.1498 	0.1589 	0.1575 
S,6000,MWH500-1999,KWH,X_VAT,PPS,EU27_2020	0.1303 	0.1335 	0.1504 	0.1924 	0.2241 	0.2239 	0.2087 	0.1932 	0.2004 	0.1954 
S,6000,MWH500-1999,KWH,X_VAT,PPS,FI	0.0600 	0.0535 	0.0643 	0.0648 	0.0922 	0.0772 	0.0714 	0.0724 	0.0655 	0.0669 
S,6000,MWH500-1999,KWH,X_VAT,PPS,FR	0.0876 	0.0971 	0.0937 	0.1174 	0.1169 	0.2328 	0.1953 	0.1649 	0.1634 	0.1506 
S,6000,MWH500-1999,KWH,X_VAT,PPS,HR	0.1587 	0.1592 	0.1748 	0.2388 	0.3669 	0.4394 	0.3461 	0.3349 	0.3366 	0.3242 
S,6000,MWH500-1999,KWH,X_VAT,PPS,HU	0.1507 	0.1412 	0.1598 	0.2452 	0.3621 	0.4630 	0.4080 	0.3267 	0.3416 	0.3061 
S,6000,MWH500-1999,KWH,X_VAT,PPS,IE	0.1102 	0.1261 	0.1569 	0.1844 	0.2419 	0.2364 	0.2169 	0.2131 	0.2156 	0.2302 
S,6000,MWH500-1999,KWH,X_VAT,PPS,IS	0.0517 	0.0360 e	0.0477 e	0.0474 e	0.0507 e	0.0539 e	0.0531 e	0.0574 e	0.0633 e	: 
S,6000,MWH500-1999,KWH,X_VAT,PPS,IT	0.1524 	0.1595 	0.1890 	0.2575 	0.3452 	0.2541 	0.2380 	0.2165 	0.2364 	0.2442 
S,6000,MWH500-1999,KWH,X_VAT,PPS,LT	0.1505 	0.1534 	0.2006 	0.2591 	0.4775 	0.2217 	0.2152 	0.2186 	0.2108 	0.2048 
S,6000,MWH500-1999,KWH,X_VAT,PPS,LU	0.0725 	0.0737 	0.0764 	0.1014 	0.1167 	0.1915 	0.1770 	0.1548 	0.1551 	0.1345 
S,6000,MWH500-1999,KWH,X_VAT,PPS,LV	0.1429 	0.1371 	0.1781 	0.1628 	0.2810 	0.1835 	0.1884 	0.1822 	0.1889 	0.1784 
S,6000,MWH500-1999,KWH,X_VAT,PPS,ME	0.1307 	0.1719 	0.1277 	0.1633 	0.1668 	0.1606 	0.1495 	0.1496 	0.1508 	0.1546 p
S,6000,MWH500-1999,KWH,X_VAT,PPS,MK	0.1646 	0.1637 	0.2577 	0.3548 	0.6900 	0.3536 	0.2460 	0.2076 	0.2874 	0.2500 
S,6000,MWH500-1999,KWH,X_VAT,PPS,MT	0.1530 	0.1534 	0.1587 	0.1543 	0.1521 	0.1573 	0.1573 	0.1552 	0.1482 	0.1482 p
S,6000,MWH500-1999,KWH,X_VAT,PPS,NL	0.0934 	0.1020 	0.1116 	0.1515 	0.1590 	0.2083 	0.1852 	0.1786 	0.1796 	0.1746 
S,6000,MWH500-1999,KWH,X_VAT,PPS,NO	0.0342 	0.0545 	0.0840 	0.1010 	0.1518 	0.0946 	0.0699 	0.0708 	0.0567 	0.0661 
S,6000,MWH500-1999,KWH,X_VAT,PPS,PL	0.1798 	0.1848 	0.1841 	0.2485 	0.2778 	0.3424 	0.3281 	0.2931 	0.2940 	0.2726 
S,6000,MWH500-1999,KWH,X_VAT,PPS,PT	0.1309 	0.1253 	0.1385 	0.1403 	0.1587 	0.1116 	0.1377 	0.1390 	0.1618 	0.1603 
S,6000,MWH500-1999,KWH,X_VAT,PPS,RO	0.1937 	0.1902 	0.2441 	0.4209 d	0.6371 d	0.3187 	0.3090 	0.2830 	0.2930 	0.2899 
S,6000,MWH500-1999,KWH,X_VAT,PPS,RS	0.1496 	0.1496 	0.1603 	0.1770 	0.2152 	0.2408 	0.2554 	0.2499 	0.2186 	0.2299 
S,6000,MWH500-1999,KWH,X_VAT,PPS,SE	0.0524 	0.0547 	0.0758 	0.0893 	0.1250 	0.0899 	0.0775 	0.0789 	0.0724 	0.0795 
S,6000,MWH500-1999,KWH,X_VAT,PPS,SI	0.1161 	0.1094 	0.1178 	0.1869 	0.2317 	0.2575 	0.2413 	0.1994 	0.2092 	0.1782 
S,6000,MWH500-1999,KWH,X_VAT,PPS,SK	0.1635 	0.1584 	0.1662 	0.2669 	0.3019 	0.3243 	0.2938 	0.2324 	0.2575 	0.2453 
S,6000,MWH500-1999,KWH,X_VAT,PPS,TR	0.1737 	0.1914 	0.2023 	0.4606 	0.4983 	0.4081 	0.4008 	0.2779 	0.1981 	0.2049 
